id,name,tax_no,start_date,end_date,created_by,updated_by
1,Larus dominicanus,brtlnjzivcdsamkx,03/04/2022,13/08/2021,164,658
2,Ara ararauna,vgntudjromshycie,25/06/2021,09/12/2021,886,442
3,Laniaurius atrococcineus,mqtipwadhcuzvsgjneo,04/07/2021,02/11/2021,462,585
4,Corvus albus,zxkuawlqeof,30/11/2021,23/02/2022,344,913
5,Dusicyon thous,ceztjvqbnliakudoy,23/10/2021,04/09/2021,613,500
6,Hystrix indica,xzfknlhqbpdracvsgo,08/09/2021,26/05/2022,842,499
7,Corythornis cristata,gsfyoqetbdzhraxpwvm,19/01/2022,15/02/2022,965,715
8,Naja haje,xfaswkgzepbi,07/09/2021,08/08/2021,483,433
9,Physignathus cocincinus,iaqdpbomyuhrgwx,15/03/2022,21/09/2021,135,839
10,Hippotragus equinus,axytkelwsh,24/08/2021,30/06/2021,113,264
11,Hippopotamus amphibius,phgwcxvtnk,26/11/2021,26/09/2021,723,793
12,Cebus nigrivittatus,kzbnovawujsr,13/02/2022,10/11/2021,457,2
13,Vulpes chama,obtuklczxgvwpad,21/05/2022,11/07/2021,405,52
14,Columba palumbus,rspwyjakqtzeun,19/01/2022,17/11/2021,320,804
15,Semnopithecus entellus,hakjzqpnxiwmtgo,17/11/2021,11/09/2021,246,865
16,unavailable,tuxiehkbfjwpy,16/09/2021,29/03/2022,48,509
17,Mirounga angustirostris,uxlzenvhcpdwbkqmitg,01/04/2022,13/10/2021,849,657
18,Macropus rufogriseus,uytnrlbavqghszicox,03/08/2021,13/12/2021,669,254
19,Paraxerus cepapi,jmcazryiofuglqbts,29/05/2022,16/02/2022,951,590
20,Columba livia,mpgofuiyzlxvcthkswn,10/09/2021,29/12/2021,447,325
21,Ceratotherium simum,gqmdsanptvlir,25/02/2022,11/10/2021,894,250
22,Pavo cristatus,tnuwevzdclbfjmgiopq,01/10/2021,01/10/2021,974,133
23,Dendrocygna viduata,zcfkredjisoyhpauntlv,16/11/2021,24/12/2021,891,624
24,unavailable,xbzyrvfagm,15/04/2022,21/06/2021,536,9
25,Haematopus ater,sytnbfcmrolxigveaqu,03/10/2021,24/12/2021,37,460
26,Dasypus novemcinctus,eipzasbvoytmldfunckg,13/12/2021,26/06/2021,486,448
27,Creagrus furcatus,dptjhxcziovsmwgbr,19/07/2021,30/08/2021,59,142
28,Lepus arcticus,woypvqjmelzdxghufi,14/03/2022,29/07/2021,593,705
29,Sylvicapra grimma,kyjrixpdvchmbg,26/09/2021,20/04/2022,563,693
30,Fratercula corniculata,stmzoydhkqvbuxe,11/01/2022,01/07/2021,738,117
31,Francolinus swainsonii,qsamcfopdun,08/12/2021,05/04/2022,418,390
32,Spizaetus coronatus,enrphjxmtwzd,18/01/2022,05/10/2021,449,602
33,Paradoxurus hermaphroditus,dqxvrukgmf,25/10/2021,05/05/2022,919,708
34,Phascolarctos cinereus,zljtapgwruxchyvqef,27/11/2021,25/06/2021,286,893
35,Eudyptula minor,jaxqdronmspuwc,05/05/2022,11/04/2022,89,795
36,Cabassous sp.,uzmfxlavbwryogdcin,25/12/2021,07/03/2022,789,23
37,Dicrostonyx groenlandicus,htrqaieowdcjm,26/02/2022,21/07/2021,573,977
38,Ratufa indica,vcudqeaikyjhbtsrwnm,09/09/2021,27/06/2021,463,712
39,Colobus guerza,klatndzuvixmfsyrpeoc,11/04/2022,24/03/2022,761,218
40,Dasyurus maculatus,lkoawyivuxecfmr,21/01/2022,01/12/2021,60,936
41,Felis concolor,jhmiynlrupeksgbqxwc,12/06/2021,28/06/2021,990,59
42,Varanus albigularis,xcsabindgjmhvzup,17/11/2021,27/04/2022,957,316
43,Phalacrocorax niger,usrlgedxvz,10/01/2022,12/11/2021,438,711
44,Larus fuliginosus,smktzdyqvncl,12/02/2022,25/08/2021,225,680
45,Didelphis virginiana,tyzuoedxkpvanjcwhsb,06/03/2022,02/10/2021,482,424
46,Castor fiber,tspedfziqwoabmyklxn,13/06/2021,31/12/2021,855,925
47,Bucorvus leadbeateri,wjcipdqroshxvl,30/06/2021,02/06/2022,708,457
48,Kobus defassa,codgfajrwubi,25/12/2021,16/02/2022,730,615
49,Streptopelia senegalensis,ouprahticq,21/11/2021,28/05/2022,943,188
50,Aegypius occipitalis,qdeypcjfvw,27/01/2022,20/02/2022,53,607
51,Corvus albicollis,pkiartbunwxlgeqz,07/11/2021,02/09/2021,354,821
52,Varanus sp.,gdxzwbujmq,14/07/2021,21/10/2021,410,581
53,Ovis musimon,iysrjnmwxpgubfqhce,30/11/2021,30/01/2022,339,356
54,Pelecanus conspicillatus,exoiwnldhaubp,08/10/2021,24/01/2022,356,249
55,Columba palumbus,dzlgtoexmhaw,28/08/2021,10/08/2021,770,617
56,Seiurus aurocapillus,cnukbhjwvilsg,10/09/2021,16/07/2021,329,755
57,Felis pardalis,muhsdbtxvfi,11/08/2021,05/01/2022,112,730
58,Lycaon pictus,ezgiwfjpbadrtskv,05/03/2022,22/02/2022,802,537
59,Sula nebouxii,xsefakjqgvhmd,14/11/2021,11/11/2021,852,152
60,Eudyptula minor,zsxfvqgeajcmidukblto,08/08/2021,28/02/2022,387,964
61,Phasianus colchicus,inhojfupqycmrx,17/05/2022,14/03/2022,328,595
62,Cynictis penicillata,mspezkcvgoi,24/07/2021,15/01/2022,538,143
63,Ursus americanus,pvqhaeylik,27/03/2022,06/06/2022,771,27
64,Isoodon obesulus,dwaqopmblvjsntzixerc,09/01/2022,06/06/2022,97,181
65,Taxidea taxus,curtvjqsbm,29/04/2022,21/10/2021,864,899
66,Ara ararauna,cqjetbvondfmwixahsr,26/07/2021,27/03/2022,764,206
67,Columba palumbus,ftaizcunypgwlrmsodkv,14/03/2022,05/10/2021,721,360
68,Eumetopias jubatus,kabjgowhqrc,06/07/2021,27/05/2022,903,638
69,Orcinus orca,hplbufyknswd,18/12/2021,04/10/2021,697,359
70,Diomedea irrorata,ytegikoaumjldbhcx,13/03/2022,06/06/2022,874,529
71,Galago crassicaudataus,tjuvzxyekwdcpnifq,03/09/2021,17/05/2022,365,514
72,Nasua nasua,pilftomcnedwkbxg,24/07/2021,14/01/2022,77,172
73,Lasiodora parahybana,boxwpkruidcqsyma,26/01/2022,29/10/2021,7,257
74,Sciurus vulgaris,qtkjfpeviylrgdaxusz,23/10/2021,21/07/2021,896,853
75,Dasyurus maculatus,rhgtcfsaklneqxbjwipd,05/08/2021,19/02/2022,637,906
76,Canis aureus,jyvecblwuxzmqi,01/07/2021,18/04/2022,798,498
77,Zalophus californicus,maehyjlufdg,31/10/2021,19/12/2021,687,621
78,Prionace glauca,vcinxzpgkufrj,19/06/2021,07/08/2021,392,417
79,Smithopsis crassicaudata,trldbfcjusakyhwvxzi,26/08/2021,26/03/2022,218,220
80,Castor canadensis,iwaoygdbrsmukvjhxzpf,24/10/2021,22/08/2021,767,36
81,Didelphis virginiana,kwgeupofyhqcsltzr,20/01/2022,09/09/2021,628,521
82,Tetracerus quadricornis,svmfkguceziap,25/11/2021,27/06/2021,803,524
83,Epicrates cenchria maurus,ljpuwikgdvofmexysqar,08/07/2021,23/04/2022,744,918
84,Diomedea irrorata,stmxpubejf,23/04/2022,29/05/2022,880,987
85,Felis libyca,edhubaimtyxoqkrpf,29/11/2021,17/12/2021,348,53
86,Canis aureus,ywpsaoinvr,10/02/2022,31/08/2021,154,673
87,Propithecus verreauxi,obwyklthcnusvgxizdja,24/03/2022,28/02/2022,269,324
88,Potorous tridactylus,kdatwhimexbncyp,25/09/2021,29/12/2021,786,295
89,Felis caracal,nwtihuarkyzgcxpm,12/08/2021,18/11/2021,975,37
90,Cebus nigrivittatus,pubqnvozxeimfchtrs,17/06/2021,17/03/2022,750,609
91,Balearica pavonina,oambyselpircugkhxjz,29/01/2022,16/02/2022,153,739
92,Herpestes javanicus,hwkaqjsdyiogze,11/01/2022,17/02/2022,932,874
93,Manouria emys,rtikemdpnxz,03/06/2022,26/05/2022,120,604
94,Psittacula krameri,kjcxmdfurhgvbpnyoiet,03/02/2022,23/12/2021,918,939
95,Crotaphytus collaris,kqgixlfsahcj,28/09/2021,26/10/2021,818,437
96,Anastomus oscitans,jbxunhdackroilwzvmyg,07/01/2022,27/01/2022,84,372
97,Otocyon megalotis,nbwkxsmyevtcjpfzdhlu,16/08/2021,07/07/2021,134,953
98,Branta canadensis,qoxbtnpadezmusrflv,16/12/2021,12/05/2022,437,469
99,Chelodina longicollis,dlmazoutybhxkwc,21/08/2021,18/10/2021,481,791
100,Felis chaus,earfsvmxdnu,26/01/2022,18/03/2022,40,601
101,Anas punctata,yakphugnqife,28/05/2022,31/03/2022,921,436
102,Potos flavus,lpxzrewfjvtghyimonqc,27/09/2021,05/12/2021,643,388
103,Anathana ellioti,vmbocshugifzarnpjwlk,25/02/2022,15/10/2021,477,991
104,Felis silvestris lybica,qpxtwrnjdsoayufb,18/03/2022,15/05/2022,626,951
105,Lamprotornis chalybaeus,nhjorfpwzqemsylugc,26/07/2021,26/05/2022,99,81
106,Acrantophis madagascariensis,umkcqwpjltos,27/06/2021,17/07/2021,944,429
107,Geochelone elephantopus,johzwdptrygxib,31/12/2021,04/07/2021,93,60
108,Hystrix cristata,fhtdwiacjr,13/01/2022,16/08/2021,445,903
109,Erethizon dorsatum,ypvruhandimsjlecoq,04/07/2021,22/07/2021,557,379
110,Ciconia ciconia,xmnekaigsblv,28/11/2021,30/08/2021,813,422
111,Vulpes chama,scqpngtbjxivdlh,17/11/2021,21/11/2021,606,954
112,Crotaphytus collaris,yapisnfmztkljcrbhuvx,02/03/2022,27/01/2022,691,222
113,Himantopus himantopus,oqjkewcgdlubs,27/02/2022,19/04/2022,935,835
114,Bucephala clangula,xgdlmutowq,17/05/2022,08/10/2021,806,70
115,Acrobates pygmaeus,tpygsajidxmceknhvoub,16/04/2022,03/12/2021,137,905
116,Anas bahamensis,lrtykgcudeafmpqi,10/05/2022,05/08/2021,298,729
117,Platalea leucordia,xdyzbienjtusgk,21/04/2022,18/02/2022,401,98
118,Bison bison,jagznspveklbcy,08/06/2022,02/01/2022,504,474
119,Cracticus nigroagularis,ajrutyzqdwnbfgsixolc,23/02/2022,05/08/2021,608,85
120,Paraxerus cepapi,dgretajplqbxik,23/04/2022,15/12/2021,769,945
121,Dendrocygna viduata,ntxhrycsijzdlaugom,31/07/2021,08/07/2021,758,981
122,Phalaropus lobatus,tuqaeyswcpjdbmhv,02/01/2022,19/04/2022,213,456
123,Lamprotornis nitens,fvgidcsrmbwa,08/08/2021,04/04/2022,44,826
124,Tamandua tetradactyla,ustbnrywiv,03/01/2022,22/01/2022,572,267
125,Oreamnos americanus,xbjvwhfsdzmalct,01/05/2022,07/08/2021,846,858
126,Streptopelia senegalensis,zomfaplhwuqeidj,14/10/2021,18/04/2022,11,566
127,Felis concolor,atmiesnxhgrod,05/11/2021,11/07/2021,162,651
128,Gazella thompsonii,dwabmutrpkofiqcsyhng,05/12/2021,19/12/2021,646,520
129,Potos flavus,lugtiesanbkczxhpodm,08/10/2021,20/06/2021,665,294
130,Nucifraga columbiana,qdgkfoalrctmjzhy,06/08/2021,27/04/2022,887,136
131,Equus hemionus,ympwsgeflachjzu,05/10/2021,22/06/2021,978,766
132,Morelia spilotes variegata,kdalwemoqzsuij,21/08/2021,18/02/2022,963,536
133,Bassariscus astutus,sfoyjabdthz,31/12/2021,02/08/2021,251,707
134,Alcelaphus buselaphus cokii,pisnxeqhgvrzjuok,24/02/2022,26/04/2022,733,541
135,Aonyx cinerea,vngxlduiebc,01/09/2021,22/09/2021,82,889
136,Colobus guerza,ulndgcfzks,27/06/2021,11/07/2021,745,87
137,Aonyx capensis,zsqemgcpbko,15/06/2021,06/10/2021,378,394
138,Notechis semmiannulatus,wzghqjraledymnio,10/09/2021,05/11/2021,104,151
139,Mazama gouazoubira,bdsjfaqruhp,17/08/2021,21/01/2022,603,127
140,Platalea leucordia,rojhzxiqwsfdvc,27/07/2021,08/09/2021,67,337
141,Corythornis cristata,inotqxyesghup,08/04/2022,05/06/2022,537,884
142,Choriotis kori,ctaxpzgvjmndu,22/07/2021,16/12/2021,473,580
143,Zenaida galapagoensis,ovjlszuxqbnmwteafkhc,25/01/2022,20/06/2021,172,572
144,Otocyon megalotis,qgatfmpliujhydcnro,14/05/2022,21/08/2021,439,378
145,Catharacta skua,okxzdfmsgpta,17/07/2021,24/05/2022,290,35
146,Hippotragus niger,wrdtypegcmlbfq,20/01/2022,05/11/2021,261,72
147,Nucifraga columbiana,ekghbxjydsnui,12/01/2022,04/12/2021,533,449
148,Sylvilagus floridanus,wentbdrpqlfkgmzxvyu,04/07/2021,29/11/2021,5,425
149,Eudyptula minor,sigauvpxtrehzjn,26/12/2021,30/11/2021,61,684
150,Plectopterus gambensis,nauezgjmfdbrxtly,24/05/2022,21/09/2021,253,594
151,Ramphastos tucanus,rwzltgupdebxfmq,08/10/2021,12/03/2022,756,851
152,Psittacula krameri,jsboqwizugkv,30/03/2022,17/02/2022,890,427
153,Larus dominicanus,cvbseardpgoz,19/08/2021,16/04/2022,833,887
154,Speothos vanaticus,trmzhdqcbxp,27/03/2022,20/01/2022,121,167
155,Zenaida galapagoensis,hzbdyosukxvtgafrlnjq,21/12/2021,24/04/2022,6,64
156,Coracias caudata,hjoefmwqzrg,12/04/2022,08/01/2022,476,185
157,Columba livia,tzxaegkycwlbjud,09/12/2021,17/10/2021,969,462
158,Choriotis kori,gohstvprwlquzjn,25/08/2021,31/07/2021,916,763
159,Cercatetus concinnus,ctgqpuranklwxm,21/10/2021,17/08/2021,350,950
160,Acrantophis madagascariensis,upjoreysvnfgdwax,12/03/2022,03/07/2021,283,819
161,Naja nivea,cfremxzuipakgyjoqwvh,22/06/2021,07/05/2022,966,12
162,unavailable,fpcoygjbxvdqas,02/03/2022,07/03/2022,548,773
163,Cordylus giganteus,mszitpqdghab,13/06/2021,03/05/2022,888,391
164,unavailable,iwfqzayetjhlmubxksv,11/01/2022,05/08/2021,776,856
165,Pelecanus conspicillatus,yjcvhbgmzrxunwsl,17/04/2022,15/12/2021,898,544
166,Tiliqua scincoides,ajxmgeibnq,20/12/2021,30/05/2022,254,219
167,Ctenophorus ornatus,ojwbpceadhlq,09/02/2022,22/01/2022,130,864
168,Otocyon megalotis,ufqisehocvkmprln,08/11/2021,19/02/2022,427,967
169,Tayassu tajacu,epfobluzmtshvjgnicxd,29/12/2021,26/08/2021,384,822
170,Echimys chrysurus,zphwscemujkbqndl,26/03/2022,31/05/2022,367,971
171,Paroaria gularis,tvqujragospyzxwhle,11/11/2021,20/05/2022,322,995
172,Antechinus flavipes,sdhutleqpkycam,18/06/2021,21/08/2021,117,48
173,Ratufa indica,rzfeolmipkadujtxhg,25/03/2022,22/08/2021,295,495
174,Milvus migrans,ciosetmwbjvkhfa,26/03/2022,19/12/2021,539,870
175,Papio ursinus,pjgsevtfuzckbil,03/02/2022,11/04/2022,20,10
176,Gyps bengalensis,rdobnkvleqzmfguhp,29/01/2022,03/08/2021,458,67
177,Cordylus giganteus,jkpotqnyrcuagsl,21/05/2022,26/06/2021,543,403
178,Manouria emys,xvdnpbkgtcyuriqowjm,30/06/2021,23/12/2021,642,401
179,Sciurus vulgaris,wvteizanmdcrogpfxulq,24/04/2022,28/11/2021,589,876
180,Vicugna vicugna,dtavwyqozsjguxlpicn,16/01/2022,17/09/2021,946,818
181,Grus canadensis,uqlfcrmbzs,02/05/2022,17/01/2022,556,862
182,Manouria emys,murngdiwjcefpbk,06/08/2021,07/02/2022,214,393
183,Porphyrio porphyrio,ejfmqtgciskawpuhrd,18/08/2021,12/02/2022,33,762
184,Snycerus caffer,epdrafgwvqtknhmbxzoy,09/02/2022,02/06/2022,95,542
185,Ardea golieth,fkrquvlgmdcwahon,11/10/2021,01/04/2022,564,631
186,Odocoilenaus virginianus,qhjiynvpusxbzrl,28/07/2021,06/09/2021,653,312
187,Damaliscus dorcas,xquesvphab,23/03/2022,25/02/2022,300,721
188,Gyps bengalensis,ukvbshazigxjypmw,27/03/2022,01/03/2022,783,975
189,Larus dominicanus,cwyqevpdungm,27/07/2021,07/07/2021,984,779
190,Speothos vanaticus,zwgoplrixk,30/12/2021,16/10/2021,981,487
191,Laniaurius atrococcineus,yicjqdbarkgsmh,16/07/2021,30/06/2021,535,796
192,Toxostoma curvirostre,oldbhiayckwnvsjmput,30/01/2022,26/06/2021,396,806
193,Carduelis pinus,wetscjrhfomvplxzai,27/07/2021,07/10/2021,583,444
194,Lophoaetus occipitalis,zyphmukjxst,13/09/2021,26/01/2022,280,71
195,Boa constrictor mexicana,qxnuyscieb,20/02/2022,23/06/2021,98,301
196,Milvago chimachima,rfacouxdeqnjivm,05/08/2021,30/09/2021,526,922
197,Bugeranus caruncalatus,uhicoftrlpjxgkvbyds,13/12/2021,05/05/2022,227,770
198,Passer domesticus,kouingwshatmycj,02/05/2022,08/07/2021,17,34
199,Phoca vitulina,ocdwaezsvnrx,01/07/2021,11/10/2021,219,113
200,Lasiodora parahybana,zvaypqdrbhgfwjeicm,31/10/2021,06/07/2021,351,400
201,Spermophilus tridecemlineatus,ecyufiwhvspt,16/03/2022,26/01/2022,369,18
202,unavailable,imxbrglunypka,05/08/2021,11/03/2022,331,307
203,Ammospermophilus nelsoni,qxtfzopdgynbsealihuc,24/01/2022,20/07/2021,220,265
204,Spilogale gracilis,azbtsilewjonchvqryu,05/06/2022,28/11/2021,260,134
205,Uraeginthus granatina,bpswkxmqtofjiv,09/03/2022,05/02/2022,791,924
206,Laniaurius atrococcineus,tfnlakbopymzigjc,23/10/2021,31/08/2021,209,441
207,Neophoca cinerea,arvoqwbjizdsnep,21/04/2022,28/05/2022,63,568
208,Geospiza sp.,yhbfxwrkaogpszu,09/03/2022,01/10/2021,271,256
209,Cebus albifrons,jvfcoskwinzm,11/08/2021,19/08/2021,92,847
210,Eira barbata,neftayqicvhgbuzopl,09/05/2022,05/10/2021,21,917
211,Macropus rufogriseus,thcyzosgwupkmxvadrl,02/02/2022,07/07/2021,247,108
212,Spheniscus magellanicus,hfejpkmnrixzqvgutob,27/07/2021,13/11/2021,441,349
213,Paraxerus cepapi,dqrsbawvxhmefnltg,25/03/2022,24/07/2021,650,869
214,Dromaeus novaehollandiae,ljorpidqvntwmy,28/05/2022,06/09/2021,704,311
215,Macropus parryi,anekczrudhpbv,03/07/2021,14/12/2021,2,342
216,Tauraco porphyrelophus,usdmcbfpga,14/07/2021,18/06/2021,252,643
217,Bassariscus astutus,svhgmtjuxydzfloq,29/03/2022,21/08/2021,752,226
218,Eumetopias jubatus,qdotrzvpyjgxwhfubla,02/01/2022,22/08/2021,602,669
219,Vanellus sp.,guctfinrqkayeplj,03/04/2022,18/01/2022,739,479
220,Elephas maximus bengalensis,qdhzwcmalevruixt,28/04/2022,20/03/2022,736,895
221,Crocodylus niloticus,rdnlyofzuctikpmwe,16/12/2021,04/09/2021,519,902
222,Capra ibex,yoqtsjxcwfdlbr,21/01/2022,11/06/2022,454,817
223,unavailable,sxjiohmvaedltfgw,14/07/2021,08/10/2021,661,620
224,Climacteris melanura,gfotqnidpvry,11/08/2021,25/09/2021,762,738
225,Globicephala melas,rqbmlfevpxzwayhniso,26/10/2021,26/02/2022,947,504
226,Bassariscus astutus,svreqkzuimcnxphgo,15/02/2022,18/01/2022,651,159
227,Mycteria ibis,dkqrupgfbsam,07/03/2022,03/07/2021,358,965
228,Phasianus colchicus,cixotnasjkqydgrmuh,10/06/2022,17/02/2022,315,6
229,Speothos vanaticus,mrqhfpjxzogtaieblwvn,01/07/2021,02/10/2021,199,545
230,Otaria flavescens,quhofktysjrbmnlev,04/02/2022,24/08/2021,346,435
231,Dasypus novemcinctus,jmguahfscxowd,05/02/2022,25/05/2022,591,43
232,Pavo cristatus,alqixrozubgsncekm,21/05/2022,06/09/2021,580,32
233,Phalacrocorax niger,omgsycifedlav,18/06/2021,29/05/2022,681,175
234,Egretta thula,fmruhckqstopwaxbi,15/08/2021,30/05/2022,216,140
235,Sylvilagus floridanus,nvgremcdjhawkiybxs,10/01/2022,05/06/2022,668,237
236,Lorythaixoides concolor,agzbtfirwoexmu,31/05/2022,24/06/2021,171,144
237,Centrocercus urophasianus,ujeavhdxnsmyfgqz,03/12/2021,05/01/2022,204,692
238,Cyrtodactylus louisiadensis,ilgsfrbpevwhjmyzk,24/11/2021,29/05/2022,501,192
239,Ephippiorhynchus mycteria,tulfdbkhcoisawy,28/08/2021,18/05/2022,74,421
240,Lasiodora parahybana,ufcvwjoksrtipqmdzlea,13/09/2021,14/02/2022,312,576
241,Paraxerus cepapi,cjnhivqowazmybtfxp,15/07/2021,13/09/2021,592,632
242,Gyps bengalensis,oxkmugsjvdlbfaiwrch,13/02/2022,27/01/2022,472,800
243,Francolinus leucoscepus,rkolhfzjmyei,23/05/2022,05/12/2021,511,575
244,Cervus duvauceli,ydptlejxngrwauiz,06/04/2022,09/06/2022,856,409
245,Gyps bengalensis,slrenhfwxtboyvuiam,23/07/2021,28/05/2022,285,114
246,Varanus sp.,frpjdkionacbtuxsym,27/05/2022,06/09/2021,996,164
247,Aonyx capensis,gavwxrsbcplmin,09/06/2022,29/12/2021,674,78
248,Cacatua tenuirostris,fuielwkrxahznjcp,15/04/2022,19/10/2021,34,44
249,Junonia genoveua,ckplvrjiznmohwdyqb,16/07/2021,19/08/2021,959,238
250,Psophia viridis,pongbcaxzkldqfyhrwsi,26/08/2021,17/03/2022,964,810
251,Varanus salvator,plvdxtkiohrawubcnyj,27/06/2021,07/10/2021,654,963
252,Merops sp.,tngjkdyabrs,24/07/2021,11/08/2021,408,623
253,Varanus salvator,sfxtmpocjzwrgbenqvi,20/01/2022,20/09/2021,516,380
254,Dendrocitta vagabunda,clivwsqeopatybmh,11/01/2022,20/06/2021,508,696
255,Ovibos moschatus,sfgobnicualqzkdhwjrp,13/07/2021,02/05/2022,663,844
256,Ovis ammon,yupohsmcnlzfqjbgawv,29/03/2022,14/01/2022,961,275
257,Mungos mungo,nymfvgwbcrpedxiau,05/07/2021,14/09/2021,111,300
258,Crotalus adamanteus,vzfboepshmuiaw,07/01/2022,07/06/2022,416,229
259,Felis concolor,pizmxkalbqcrnsdj,22/08/2021,28/01/2022,466,697
260,Aquila chrysaetos,bwzcstyxrkdivg,05/08/2021,14/11/2021,198,771
261,Sarcophilus harrisii,ozblyaqswekicjvphm,22/02/2022,03/03/2022,808,261
262,Cervus duvauceli,nayskromiqhdjw,22/11/2021,20/01/2022,686,764
263,Eolophus roseicapillus,ljspwodhnm,30/11/2021,11/05/2022,995,948
264,Canis mesomelas,lfvinugcsm,08/04/2022,02/10/2021,968,208
265,Phaethon aethereus,sqotjwhkbxemcv,09/02/2022,22/04/2022,19,335
266,Cervus canadensis,zjirontqlkuwsaeghc,06/03/2022,01/12/2021,885,883
267,Vulpes cinereoargenteus,mbvypljdefqciorxanwg,03/06/2022,15/06/2021,633,288
268,Acridotheres tristis,wyrzocsxmunitqpdjfvg,13/12/2021,12/05/2022,952,749
269,Spilogale gracilis,dxuyovitsbfwr,08/03/2022,15/07/2021,118,57
270,Genetta genetta,zctumnplsikydewjgf,06/08/2021,03/10/2021,924,8
271,Alligator mississippiensis,pqnsyfcrmdotivza,07/09/2021,12/02/2022,29,463
272,Pituophis melanaleucus,mnuyodktavgxrhwq,03/07/2021,14/10/2021,196,269
273,Ciconia episcopus,hjwpsnovucdi,05/02/2022,17/06/2021,43,695
274,Chamaelo sp.,urgwxmslbekhzdcf,21/10/2021,18/02/2022,705,736
275,Cebus apella,bedkujtwqoalgmsfic,18/10/2021,09/01/2022,671,776
276,Falco mexicanus,zuvylfcgaxdwsqh,12/11/2021,22/02/2022,754,781
277,Lepilemur rufescens,eplfbtorqzgsdyaxnvc,30/11/2021,11/05/2022,72,983
278,Spermophilus tridecemlineatus,wmexvtbfqiknsdl,03/07/2021,16/08/2021,910,278
279,unavailable,znbcwolsvarhdxyuk,05/08/2021,09/07/2021,680,384
280,Trichoglossus chlorolepidotus,eolhfgyzwvustcrjax,02/09/2021,15/03/2022,760,919
281,Alligator mississippiensis,fusvmtlpzxckgrj,31/10/2021,23/08/2021,725,4
282,Cyrtodactylus louisiadensis,qtuolyvwbexfs,04/11/2021,23/02/2022,364,654
283,Butorides striatus,scxuadizgptqovfj,14/08/2021,02/02/2022,276,737
284,Columba palumbus,hvcpysnxezwtmga,03/12/2021,31/08/2021,26,709
285,Coluber constrictor,jyobfdcitarphmgzq,31/01/2022,21/09/2021,342,386
286,Alligator mississippiensis,sawthmoqbzdynci,07/04/2022,21/05/2022,988,145
287,Taxidea taxus,lukpxrifombqsv,08/06/2022,26/07/2021,9,523
288,Marmota monax,sthxfouypavqrwekzj,06/10/2021,03/06/2022,119,825
289,Milvus migrans,qgkmecwypjuhsafb,20/03/2022,04/10/2021,607,622
290,Phalacrocorax carbo,lhkudvpxizcygtqr,05/04/2022,09/04/2022,772,850
291,Acrobates pygmaeus,tkgfsxvcrzwihjmlq,01/03/2022,15/03/2022,568,492
292,Chionis alba,mvtahdcsxgjnqoe,26/03/2022,04/08/2021,138,968
293,Tachyglossus aculeatus,rgobvyxsaiedmlqu,31/08/2021,09/08/2021,575,303
294,Philetairus socius,ilvumhrbdzqtynac,21/02/2022,03/04/2022,832,812
295,Chlidonias leucopterus,hmdszgeqxypwk,30/06/2021,14/09/2021,933,577
296,Notechis semmiannulatus,dsgcyutnpxoaejqfblr,27/11/2021,03/01/2022,578,843
297,Fratercula corniculata,vuxrwonpimycaqjzldhe,13/12/2021,20/01/2022,989,834
298,Alopex lagopus,acisdmzvnplyofekhb,08/11/2021,08/05/2022,775,318
299,Zenaida galapagoensis,tqsjywvcbe,13/03/2022,24/12/2021,927,22
300,Spheniscus magellanicus,ljnptqkzxymdiga,19/04/2022,30/10/2021,184,28
301,Bucorvus leadbeateri,flzqughvpbawedoi,26/04/2022,02/03/2022,570,988
302,Eumetopias jubatus,rxdyqwpbvc,16/09/2021,25/05/2022,936,480
303,Chloephaga melanoptera,eraodtnpsvc,24/09/2021,14/03/2022,230,179
304,Agkistrodon piscivorus,zgqhfwnmti,23/07/2021,13/02/2022,983,618
305,Larus fuliginosus,oxnhwsalvkrz,17/02/2022,21/10/2021,273,872
306,Zonotrichia capensis,bdlqagyumzhwvfeksx,02/01/2022,05/12/2021,922,838
307,Milvus migrans,omltadcigvfbwnpry,12/04/2022,03/09/2021,238,292
308,Ictalurus furcatus,qgzhpacxkonv,09/02/2022,09/01/2022,967,546
309,Libellula quadrimaculata,wfsqjouthypdnlxazir,13/07/2021,21/01/2022,185,26
310,Recurvirostra avosetta,ywqifadjregzkbp,08/06/2022,11/11/2021,851,892
311,Pelecanus occidentalis,hcqybtozgkusfjn,08/04/2022,29/12/2021,586,309
312,Oryx gazella callotis,nsflitezugcwrpjyqxk,05/11/2021,23/04/2022,240,291
313,Carduelis uropygialis,jpbmdeiwrocytaqxv,03/05/2022,03/10/2021,255,334
314,Felis yagouaroundi,wbqepuomnlvak,20/01/2022,12/07/2021,819,841
315,Ammospermophilus nelsoni,jswzhmqfaniptgvrox,08/05/2022,02/05/2022,679,171
316,Pseudocheirus peregrinus,unojcykrltpqz,02/04/2022,01/01/2022,757,573
317,Macaca radiata,mtzcknfsogawli,19/05/2022,25/10/2021,835,163
318,Tamiasciurus hudsonicus,opijgrabuszm,23/08/2021,16/12/2021,221,458
319,Lepilemur rufescens,fvnuwocbhsgzrkmdjlai,18/05/2022,13/06/2021,182,476
320,Tockus flavirostris,jzxnmuyvltqwrgido,30/03/2022,08/03/2022,335,322
321,unavailable,azytwrjpcqdvkn,22/07/2021,06/04/2022,662,599
322,Plocepasser mahali,dwoerblcmnjtyaif,16/06/2021,07/09/2021,612,154
323,Microcavia australis,eodvqgmnlbtf,18/01/2022,22/11/2021,309,753
324,Dasypus septemcincus,ctfypdikhzuevwjl,14/07/2021,15/06/2021,676,868
325,Ctenophorus ornatus,zdaimrlefbwyxj,31/07/2021,06/07/2021,106,547
326,Stenella coeruleoalba,hsbflqrndwvuj,22/05/2022,22/06/2021,210,447
327,Coendou prehensilis,qpcamwgoeh,28/11/2021,18/01/2022,766,431
328,Herpestes javanicus,arsdpqbmnwhckgxu,04/07/2021,10/04/2022,715,438
329,Nannopterum harrisi,auiqgozlvjecxntmbdk,27/05/2022,10/03/2022,973,701
330,Smithopsis crassicaudata,mucfpjohyxnwg,14/07/2021,09/12/2021,178,938
331,Ephippiorhynchus mycteria,rcdwjeahqibyvpkug,08/01/2022,14/09/2021,244,628
332,Giraffe camelopardalis,gfiuadzkqwhpmcx,23/08/2021,12/01/2022,317,519
333,Ovis ammon,zfiopdkshjanuqebwrxt,01/02/2022,14/03/2022,193,878
334,unavailable,permvydacnz,14/04/2022,26/06/2021,236,119
335,Axis axis,qaloncykmpugtjbrs,01/12/2021,13/09/2021,796,271
336,Sarcorhamphus papa,ealmtvxdbisyfzn,01/03/2022,06/01/2022,381,41
337,Calyptorhynchus magnificus,yvfitmrgcsuljx,20/03/2022,10/10/2021,242,702
338,Milvus migrans,vxmfhtrlkui,28/07/2021,25/03/2022,375,944
339,Paraxerus cepapi,faozluwisreg,09/01/2022,04/04/2022,143,636
340,Varanus albigularis,ieklvfurmpxa,23/09/2021,08/02/2022,685,170
341,Kobus leche robertsi,ponwmbryflgzeatquvxc,22/05/2022,24/04/2022,497,183
342,Macropus eugenii,tyuebzkpgljianhq,07/04/2022,15/01/2022,917,598
343,Phascogale calura,opygizsqvtcl,08/12/2021,06/10/2021,243,65
344,unavailable,ydgpmfbikawtxlurnjh,13/06/2021,24/11/2021,50,972
345,Alligator mississippiensis,ztiwnrlymxqcspb,08/02/2022,07/11/2021,985,960
346,Canis mesomelas,bqnmoejiahrupt,30/03/2022,05/04/2022,150,339
347,Plocepasser mahali,wibzosprfax,23/04/2022,18/10/2021,123,396
348,Anas bahamensis,wdlbcxuhtvqsren,23/11/2021,17/01/2022,897,584
349,unavailable,axmctuelrbjypidghqks,28/12/2021,21/04/2022,774,642
350,Canis mesomelas,uzeghqxltd,26/10/2021,18/08/2021,565,582
351,Leipoa ocellata,lvxudcpisfaort,26/09/2021,03/11/2021,998,751
352,Pavo cristatus,favjcsenplk,05/12/2021,11/12/2021,180,650
353,Chamaelo sp.,azntldjvgoxrkeqfuy,28/01/2022,16/09/2021,484,326
354,Plegadis ridgwayi,zsretycbkvimnalx,29/07/2021,24/04/2022,834,789
355,Bubalus arnee,kqtynlbszgvw,04/01/2022,07/06/2022,795,101
356,Cacatua tenuirostris,gpmwnzriyj,04/06/2022,31/03/2022,929,923
357,Ovis ammon,wmrxdahcqnkbl,21/11/2021,01/09/2021,28,805
358,Dacelo novaeguineae,svykglnico,05/01/2022,17/08/2021,86,186
359,Irania gutteralis,rdbhcwmlftjyxsk,29/09/2021,14/12/2021,217,929
360,Eudyptula minor,xtcmfioduakb,06/10/2021,21/12/2021,867,540
361,Pteronura brasiliensis,umljotzdqiphxgwcvy,18/12/2021,26/11/2021,470,664
362,Gabianus pacificus,xplurhgjzvq,12/10/2021,05/12/2021,991,69
363,Genetta genetta,pvrjxylbfmuwgeciqtsa,16/12/2021,24/10/2021,683,123
364,Phoca vitulina,oehsaukgvtndypcijbz,20/11/2021,30/03/2022,765,389
365,Grus rubicundus,pbcltxgazqdjknmu,06/04/2022,22/03/2022,809,410
366,Tyto novaehollandiae,corxsuzdbewhtmjvq,09/04/2022,02/06/2022,801,774
367,Chauna torquata,qmaxdwhsbcvngukpj,31/03/2022,26/03/2022,870,733
368,Agama sp.,pyqmtabvwklico,21/07/2021,11/08/2021,742,674
369,Spheniscus magellanicus,xwqvzntmfaokj,03/06/2022,21/02/2022,413,731
370,Lycaon pictus,oxsmlwynpfahgizkjqec,01/09/2021,06/04/2022,140,882
371,Dasypus novemcinctus,rpvcozhqeg,11/07/2021,27/08/2021,912,768
372,Leptoptilus dubius,ulznrvgkfdswc,15/08/2021,25/06/2021,257,166
373,Anser anser,mpjfdaonrqg,22/06/2021,12/06/2021,157,376
374,Oreamnos americanus,krywghousqjdczavnle,30/07/2021,17/04/2022,710,293
375,Cereopsis novaehollandiae,shfeinlcvbrwqgz,18/07/2021,23/06/2021,404,894
376,Antidorcas marsupialis,uicvwmdzbqshpejrnlx,30/11/2021,01/12/2021,895,236
377,Isoodon obesulus,pezmidcsfbvxgyal,07/10/2021,06/06/2022,380,368
378,Acridotheres tristis,zifperslmqudhgwxnta,01/06/2022,04/09/2021,64,787
379,Phoeniconaias minor,wbsjzevcux,27/09/2021,24/04/2022,977,717
380,Acridotheres tristis,xrydmgwqvpefnsztuk,14/05/2022,17/06/2021,893,827
381,Rhabdomys pumilio,jdotpeigcmahkfzn,10/11/2021,28/03/2022,860,385
382,Larus dominicanus,lnrtghjakqscpwibdxu,20/01/2022,23/05/2022,80,678
383,Nyctereutes procyonoides,zgrqeuvimlpsjbawk,06/03/2022,22/10/2021,38,102
384,Buteo jamaicensis,yzfvipaulxck,18/07/2021,25/12/2021,883,190
385,Callipepla gambelii,iyeocdpsbkjgaqzuwrxl,30/10/2021,25/12/2021,318,891
386,Tapirus terrestris,ewhfpxztdnblksj,08/11/2021,24/07/2021,521,587
387,Egretta thula,ytaujqcklv,30/12/2021,20/01/2022,800,419
388,Ceryle rudis,pcowesxzhj,21/10/2021,03/12/2021,223,997
389,Ardea cinerea,imvnuktazwbh,28/07/2021,24/12/2021,237,17
390,Creagrus furcatus,kaepzlrytvhmoux,18/09/2021,16/10/2021,558,243
391,Motacilla aguimp,xqprdkiusgwv,25/04/2022,07/03/2022,793,920
392,Bos taurus,rsjpngbzuftl,26/11/2021,18/01/2022,195,512
393,Phalaropus fulicarius,mfvtnxekuh,09/12/2021,10/08/2021,1000,158
394,Aegypius occipitalis,ehoqzcbdmfi,25/08/2021,21/09/2021,314,149
395,Cyrtodactylus louisiadensis,gfldpyuczmhioj,11/06/2022,07/11/2021,805,907
396,Colaptes campestroides,gvhbitoaefyqxscum,28/10/2021,08/04/2022,514,212
397,Phalaropus fulicarius,pomgqcevaluwtd,24/09/2021,20/12/2021,160,62
398,Diomedea irrorata,dnamlxuwroz,13/08/2021,25/06/2021,68,245
399,Callipepla gambelii,qpfguijmryhd,23/05/2022,13/05/2022,474,502
400,Larus dominicanus,rzxufjlpbdmaghtevoyc,16/05/2022,13/02/2022,688,382
401,Dendrohyrax brucel,giujdzmysphltacn,15/12/2021,10/11/2021,152,224
402,Paroaria gularis,ekbuhogtczwjyipx,09/11/2021,14/07/2021,460,199
403,Fregata magnificans,ywlxvnjprgqatihkfbdz,13/02/2022,04/07/2021,83,124
404,Marmota caligata,bxdspkrauzhn,03/05/2022,23/10/2021,336,875
405,Drymarchon corias couperi,vhsoylagtqdbn,23/01/2022,25/12/2021,190,49
406,Connochaetus taurinus,uercbjfdtzginlqvwya,21/09/2021,02/07/2021,904,538
407,Columba palumbus,gedujytakmox,09/07/2021,13/11/2021,425,612
408,Canis mesomelas,jlebdaictpyq,21/08/2021,24/06/2021,79,40
409,Buteo regalis,zmhnsyirtalekxfubpj,14/04/2022,03/04/2022,818,163
410,Alopex lagopus,xjgsnafwtdiprum,04/10/2021,01/11/2021,204,233
411,Felis serval,pjmhvuxkfoz,27/09/2021,23/10/2021,936,798
412,Felis concolor,eiqmtsvpbflhanzy,12/03/2022,21/03/2022,190,879
413,Didelphis virginiana,fgtaozwsjrn,11/04/2022,06/05/2022,184,44
414,Bucephala clangula,vcayrdnesz,21/04/2022,12/12/2021,641,219
415,Anthropoides paradisea,jnoblxwhqip,27/08/2021,19/11/2021,901,740
416,Merops nubicus,ajiqnpwmdhz,14/02/2022,05/10/2021,100,22
417,Ratufa indica,rhqictgmnwxuvyezlkj,17/05/2022,19/08/2021,700,321
418,Dasyprocta leporina,owdkbigtqc,18/11/2021,26/04/2022,380,918
419,Graspus graspus,obupwdtvchxzyea,22/10/2021,02/01/2022,325,364
420,Sula dactylatra,kznufwlsdehgrvmbpa,27/11/2021,19/01/2022,723,254
421,Falco mexicanus,kebwrdqftagupl,23/10/2021,13/04/2022,883,203
422,Gyps bengalensis,wzjrfasunykvobx,19/12/2021,28/10/2021,873,603
423,Didelphis virginiana,xzjyiupnmhfbe,29/03/2022,15/03/2022,516,914
424,Dendrocitta vagabunda,qhewrlsutdocb,31/01/2022,21/01/2022,795,205
425,Terrapene carolina,kuvgadtfzmcnqwbys,15/07/2021,10/10/2021,411,179
426,Corvus albicollis,cahxlopnrbmfydsiqevw,05/09/2021,06/09/2021,779,100
427,Coluber constrictor,cwkrbfodniax,20/12/2021,23/08/2021,99,927
428,Grus antigone,lkzdhgvwboqmctjapus,02/07/2021,20/09/2021,68,108
429,Morelia spilotes variegata,bmdgsznptqvukcxfawi,09/10/2021,02/12/2021,629,465
430,Vanellus armatus,vcjxzulienrdsb,24/04/2022,22/05/2022,214,629
431,Neophron percnopterus,klwstcepvqdjxo,12/10/2021,23/03/2022,241,375
432,Oxybelis fulgidus,tnsovzuljaidhxyebgwf,24/07/2021,02/05/2022,457,723
433,Ramphastos tucanus,tspuhnzigadmxjylfowv,07/05/2022,28/12/2021,224,582
434,Spheniscus mendiculus,ijqcwepadtgsnh,04/04/2022,14/01/2022,507,558
435,Canis aureus,brlziufcjtsqxe,21/11/2021,01/06/2022,887,200
436,Deroptyus accipitrinus,khsurjanpyfwgq,25/05/2022,17/01/2022,741,741
437,Felis concolor,uifqjponwmk,07/05/2022,02/01/2022,673,407
438,Varanus sp.,knqtbmrwjzscpvyhl,10/05/2022,03/10/2021,416,411
439,Cervus canadensis,hvzexjadtmorgqk,27/01/2022,11/01/2022,812,962
440,Acridotheres tristis,pbnrmlhqkytfevsuacdi,27/05/2022,29/07/2021,223,661
441,Orcinus orca,apxgourtkdfbewzjmhsy,15/12/2021,16/01/2022,606,379
442,Ovis ammon,ijtdealfqxhpwbzorcg,19/01/2022,24/03/2022,857,256
443,Paraxerus cepapi,lbarcgqexiohjtdk,06/11/2021,21/12/2021,193,79
444,Meleagris gallopavo,vkqcywdxlzprgn,21/03/2022,19/05/2022,538,16
445,Chelodina longicollis,bgnipjhklxvow,19/02/2022,13/08/2021,775,830
446,Lasiorhinus latifrons,jpidyounmlhtxg,17/02/2022,15/01/2022,30,417
447,Trichechus inunguis,reiwotbzhqkxmcfsa,17/09/2021,14/04/2022,291,938
448,Gyps bengalensis,jezlhcskvgabuiftmqnp,31/03/2022,01/02/2022,386,85
449,Aegypius tracheliotus,jvqnbuiwsfoylzmhcdkg,13/09/2021,09/04/2022,899,323
450,Mazama gouazoubira,rofetpzqsm,02/04/2022,07/10/2021,927,889
451,Spilogale gracilis,qznhtivlreuaydskjfg,08/02/2022,24/01/2022,621,410
452,Sitta canadensis,lbhrvoeaimxdtg,15/04/2022,20/02/2022,365,994
453,Microcebus murinus,lzwhpguajbiecm,30/09/2021,27/11/2021,124,562
454,Turtur chalcospilos,atyqfkcmvlz,27/08/2021,08/02/2022,272,208
455,Columba livia,feczawgtxmd,19/06/2021,09/10/2021,492,392
456,Macaca nemestrina,yqbenkzaxosrt,24/12/2021,22/04/2022,515,596
457,Tiliqua scincoides,nhigxtzajcpyvfm,12/05/2022,25/02/2022,159,202
458,Martes americana,vwqfgtocrjhbkndx,27/05/2022,22/04/2022,840,633
459,Bassariscus astutus,mrtoqjlufvxipd,18/10/2021,06/11/2021,149,232
460,Vulpes chama,wgyxlbptkc,28/12/2021,30/03/2022,674,800
461,Lybius torquatus,bcsigjohfmpvykltz,13/07/2021,10/12/2021,833,24
462,Macropus fuliginosus,vdgqwmfsrtpjbxlaiy,30/11/2021,02/04/2022,461,761
463,Ara chloroptera,dtlgswvibkfpqauy,06/12/2021,01/11/2021,488,856
464,Corvus albus,lstwnapozefk,19/05/2022,16/05/2022,417,762
465,Pelecanus conspicillatus,kgjzhbpfyd,31/10/2021,06/07/2021,318,389
466,Paradoxurus hermaphroditus,mvhtyoquefwp,03/11/2021,29/07/2021,585,860
467,Felis concolor,qcbvaisxoyngzefrdt,12/08/2021,15/09/2021,287,283
468,Dolichitus patagonum,sonfhkircyv,22/04/2022,29/11/2021,791,996
469,Anthropoides paradisea,qxkyunbdcpehz,03/02/2022,20/11/2021,128,356
470,Cordylus giganteus,dsrcjveftimzaqyu,15/02/2022,12/04/2022,443,376
471,Calyptorhynchus magnificus,kptobemyaljcrw,03/02/2022,14/12/2021,63,218
472,Buteo jamaicensis,ohypseztawjkdun,08/05/2022,26/09/2021,806,947
473,Speotyte cuniculata,xvgbnfpuzcdy,01/04/2022,04/06/2022,682,794
474,Canis mesomelas,cvuatorhdiqyksgpwx,07/03/2022,03/12/2021,571,974
475,Ardea golieth,ifwcnsyuzlkhvgaterpd,13/02/2022,08/11/2021,121,459
476,Loris tardigratus,yvcrgfdptizlxnk,01/05/2022,04/03/2022,774,539
477,Oryx gazella,xtimbnocdfhvupg,22/03/2022,16/02/2022,34,874
478,Phalaropus fulicarius,lntvhzqdrufk,17/07/2021,17/05/2022,734,434
479,Buteo galapagoensis,ouwedtnxgyqlbriszv,24/04/2022,22/11/2021,623,815
480,Buteo jamaicensis,yzptxugmirojsnek,30/06/2021,23/11/2021,718,732
481,Agelaius phoeniceus,rgjoytxflcmkapdbe,25/04/2022,09/09/2021,15,301
482,Anastomus oscitans,gljptyiqmrbvdokuhs,13/07/2021,08/06/2022,518,904
483,Lybius torquatus,uogmtiqhpxsfde,14/05/2022,11/11/2021,189,308
484,Porphyrio porphyrio,sqayrldbxwokgjmuinz,05/02/2022,08/01/2022,911,126
485,Cervus duvauceli,genadqloicpth,11/05/2022,02/09/2021,32,837
486,Spizaetus coronatus,ekhrspvymzx,11/05/2022,16/05/2022,834,530
487,Anas punctata,vscmgdxtbaenjzuioh,09/11/2021,28/03/2022,853,711
488,Ammospermophilus nelsoni,bpqjvxlzthsycw,10/10/2021,31/03/2022,337,442
489,Paraxerus cepapi,wdfrgikjubxqhma,21/09/2021,26/08/2021,49,684
490,Boselaphus tragocamelus,odbyanijelfxgkm,03/08/2021,11/10/2021,947,386
491,Boa constrictor mexicana,jdeokagrlbtx,31/08/2021,16/01/2022,801,453
492,Varanus sp.,lcxrukmhwvoe,09/07/2021,30/01/2022,613,284
493,Anhinga rufa,rxbsfpytdwhjzqago,11/06/2022,19/10/2021,401,304
494,Prionace glauca,lsnjkamyxuprvebzgoi,22/10/2021,28/05/2022,2,763
495,Colobus guerza,fkmgojhulbpeqrscny,22/07/2021,25/09/2021,370,590
496,Tauraco porphyrelophus,knmpdeaylrtsh,14/05/2022,15/06/2021,592,919
497,Boa caninus,exkmyfzwdqlnvoi,14/11/2021,02/07/2021,171,310
498,Bassariscus astutus,npxczrbosh,09/12/2021,04/05/2022,37,66
499,Thylogale stigmatica,ypedhlbnfrwaqoxmvs,29/01/2022,01/03/2022,275,156
500,Vulpes vulpes,xiubsecgnkv,12/10/2021,05/04/2022,992,674
501,Limnocorax flavirostra,swtqlzdeigbvcrnhpfj,16/08/2021,09/05/2022,258,625
502,Bubo virginianus,fvnucorylxk,23/10/2021,06/07/2021,16,724
503,Phalacrocorax albiventer,etaruchnfwzmsjkxdqop,07/02/2022,10/02/2022,546,394
504,Grus antigone,uvaxozcbkpdifrlm,03/12/2021,25/09/2021,609,940
505,Sarkidornis melanotos,fqwcmrpejtyiodush,24/10/2021,28/01/2022,543,413
506,Anas bahamensis,onldqpijtfkycaxrshe,27/09/2021,11/08/2021,36,372
507,Milvus migrans,dvcjyilxbhmknztpsuwr,28/08/2021,18/02/2022,437,969
508,Phaethon aethereus,yohjpmzgrnakueistq,08/10/2021,25/09/2021,304,365
509,Madoqua kirkii,ihwfvqxtzbrdloaujspm,30/07/2021,24/10/2021,361,748
510,Ardea cinerea,jtsochgluir,17/11/2021,01/06/2022,549,486
511,Herpestes javanicus,lapgkfcsqjtnzoiue,09/05/2022,19/12/2021,354,551
512,Hyaena hyaena,torsvfxkudp,05/08/2021,19/12/2021,644,571
513,Petaurus norfolcensis,gjbolqenwkvumprx,30/04/2022,31/07/2021,75,306
514,Oreotragus oreotragus,vgnmdzjuaxtpykeirco,07/07/2021,25/12/2021,187,995
515,Alcelaphus buselaphus cokii,bmoedclwhuqfjtnkxr,17/07/2021,30/08/2021,632,263
516,Fregata magnificans,yvmocxjekznb,01/08/2021,22/07/2021,396,154
517,Giraffe camelopardalis,wjcmvulzfo,14/12/2021,01/09/2021,139,641
518,Lama pacos,xsywbzmokr,10/05/2022,03/07/2021,205,445
519,Branta canadensis,xtbshvymgukacnfoz,20/03/2022,11/02/2022,575,690
520,Nyctanassa violacea,ludchjteybxwf,10/01/2022,01/04/2022,948,789
521,Plegadis falcinellus,dlycibszeotvqmr,20/06/2021,03/08/2021,544,441
522,Seiurus aurocapillus,crtxzbmkehvu,29/05/2022,21/03/2022,78,216
523,unavailable,wvliedkgymsfcqbhra,07/03/2022,30/08/2021,796,363
524,Eudyptula minor,uxdkjmqtcn,29/03/2022,22/05/2022,166,496
525,Plectopterus gambensis,pdvhqgiluwmrobtfze,21/09/2021,27/06/2021,555,906
526,Connochaetus taurinus,ujdamozytqlg,08/05/2022,22/09/2021,763,705
527,Macropus rufogriseus,lvpmueafqjd,13/01/2022,16/07/2021,755,252
528,Phalacrocorax brasilianus,knfxgtaruoplcywdej,02/08/2021,07/06/2022,691,912
529,Colobus guerza,rduwyhlxeatqskmnvfg,18/01/2022,12/04/2022,920,192
530,Vicugna vicugna,rfqcvdnwjoyzpbumlhi,19/12/2021,19/07/2021,539,952
531,Smithopsis crassicaudata,uysmoqtnbvparxc,12/08/2021,11/12/2021,218,428
532,Trichosurus vulpecula,tdukqnvwfhgosxapib,16/07/2021,05/01/2022,451,141
533,Macropus giganteus,ebnwjoxtzrmd,14/12/2021,19/04/2022,848,97
534,Lorythaixoides concolor,odzjesvgtnmpwlcif,05/02/2022,22/10/2021,532,871
535,Equus hemionus,bhlvmerasxd,02/07/2021,16/12/2021,929,435
536,Buteo galapagoensis,ahpbvryfncq,08/08/2021,06/10/2021,270,686
537,Pycnonotus nigricans,dtyiaqkzcvhnf,20/10/2021,10/05/2022,490,479
538,Pytilia melba,astcbpgehzmrdkfiylwo,25/11/2021,01/05/2022,455,755
539,Merops nubicus,kfejvyzdrui,11/12/2021,07/09/2021,968,73
540,unavailable,fargdwmnzvqsh,17/07/2021,19/09/2021,377,96
541,Loris tardigratus,okbfwgqdpar,15/03/2022,08/04/2022,877,42
542,Alcelaphus buselaphus cokii,pgjbmurtfinwsyadocq,13/03/2022,21/10/2021,928,195
543,Lamprotornis chalybaeus,uvstniafbg,19/08/2021,18/01/2022,460,635
544,Cordylus giganteus,ndrfwloizxp,03/09/2021,06/09/2021,197,273
545,Bucorvus leadbeateri,fovcdzkswijaebgth,18/07/2021,30/07/2021,167,888
546,Bubo sp.,krhduigfboqmj,13/05/2022,28/07/2021,357,33
547,Oryx gazella callotis,oufkzmtgbvhycdjipner,12/08/2021,05/09/2021,703,504
548,Ammospermophilus nelsoni,exzdywjaigpmlbstcqr,14/05/2022,24/04/2022,559,292
549,Microcebus murinus,jnmdyfeqbhso,24/12/2021,04/02/2022,249,978
550,Nucifraga columbiana,bcqjsayrioevtzn,08/12/2021,26/02/2022,465,652
551,unavailable,vajcxfndoqk,21/12/2021,23/04/2022,995,348
552,Cebus albifrons,tkwacsbiyndgrulhzex,09/07/2021,25/12/2021,261,792
553,Mycteria leucocephala,mzxtwcubhi,29/07/2021,11/06/2022,576,495
554,Pteropus rufus,otcqxpyejmufaihdlknw,07/10/2021,14/05/2022,567,617
555,Physignathus cocincinus,kdyscignxvthefromju,05/10/2021,01/05/2022,385,610
556,Lorythaixoides concolor,gvzalusyeoxrnkqm,07/11/2021,19/02/2022,109,422
557,Bucephala clangula,oahgxynvtfd,18/11/2021,20/04/2022,894,399
558,Neophoca cinerea,gkufipnvjodwmbcqzatx,02/02/2022,06/10/2021,696,185
559,Varanus sp.,asmnhjpefkbilcrvytu,13/08/2021,23/06/2021,238,534
560,Merops nubicus,gjhlnkvmbqsoziyraxu,09/10/2021,02/10/2021,158,526
561,Odocoileus hemionus,abdqexgzvtjrswchy,16/01/2022,20/10/2021,140,92
562,unavailable,xnygdsokvuplae,20/10/2021,04/02/2022,477,309
563,Lama pacos,zoehltapmqujnrsx,24/05/2022,16/06/2021,57,133
564,Gazella granti,uyrdjxpgniq,16/04/2022,14/12/2021,489,184
565,Plocepasser mahali,fjnvqhxmuc,10/11/2021,30/04/2022,512,466
566,Rhea americana,gjcvdimyuobwpe,16/07/2021,18/07/2021,974,942
567,Ictalurus furcatus,ehlzmfonrpyvc,16/07/2021,26/11/2021,719,910
568,Streptopelia decipiens,wmltchdxnsafgp,09/08/2021,16/10/2021,466,536
569,Choloepus hoffmani,kcpzvlednhm,18/07/2021,28/08/2021,913,449
570,Spizaetus coronatus,uesjlqnzaxhyrfpkiwc,10/08/2021,07/08/2021,495,197
571,Mellivora capensis,rtwlvpkmcshdjx,12/07/2021,27/11/2021,776,752
572,Aonyx cinerea,duaogptish,16/09/2021,06/02/2022,429,654
573,Snycerus caffer,icrehyunsdtlvpxkogq,24/09/2021,21/03/2022,996,943
574,Lepus arcticus,tbmvlfyqrag,11/12/2021,20/02/2022,282,664
575,Chlamydosaurus kingii,smzpkvgjer,02/09/2021,13/01/2022,991,611
576,Felis caracal,bgmsevrhkcd,05/01/2022,03/01/2022,61,153
577,Porphyrio porphyrio,fksxbjwemqrdnuvil,01/08/2021,01/12/2021,529,579
578,Phasianus colchicus,glmiradytveknquscoz,01/08/2021,02/06/2022,491,344
579,Pseudocheirus peregrinus,jrnhgdkpeqszuxmfwco,20/03/2022,20/06/2021,82,72
580,Corvus albus,uzjwgqoavtmnhlr,26/11/2021,22/04/2022,428,825
581,Alectura lathami,cfbwjxduoai,28/03/2022,29/03/2022,597,451
582,Loxodonta africana,imvhenaxsubgdfz,17/01/2022,02/11/2021,117,875
583,Dipodomys deserti,lxrowsikufmt,28/06/2021,14/02/2022,341,235
584,Felis libyca,idqewjzlpsmroun,28/03/2022,05/07/2021,519,215
585,Hystrix cristata,zwhbeldnfkitpougv,11/05/2022,05/01/2022,910,891
586,Bettongia penicillata,bxjudfmhrvn,22/06/2021,27/04/2022,869,779
587,Mazama gouazoubira,remkohxlybgcijuaqvf,27/05/2022,22/06/2021,836,990
588,Cervus unicolor,eictanuofrgvjbmh,02/03/2022,20/08/2021,850,667
589,Callorhinus ursinus,rslqwbepdhyuavxtgf,17/11/2021,04/12/2021,958,658
590,Plegadis ridgwayi,ycrtfdmhlswxbo,11/05/2022,12/05/2022,783,552
591,Tachybaptus ruficollis,alfpmtdxgwjskyvu,20/04/2022,30/03/2022,137,569
592,Phascogale calura,hltwjfxyrpuckdsiaen,27/07/2021,06/11/2021,19,68
593,Felis libyca,bmkeaqjgltricfpuwdn,21/03/2022,26/03/2022,299,921
594,Ourebia ourebi,pjgsyqnwhzr,06/07/2021,26/05/2022,651,390
595,Speothos vanaticus,idzurmtswvcoagkjqey,04/09/2021,07/05/2022,963,159
596,Uraeginthus granatina,udmlkhnpxjwc,20/07/2021,28/08/2021,935,675
597,Anser anser,pqiejbvrutzk,27/06/2021,11/06/2022,952,631
598,Aquila chrysaetos,mpndlvzrea,01/05/2022,03/08/2021,373,766
599,Libellula quadrimaculata,fmvberpxwsjzio,11/07/2021,18/01/2022,85,808
600,Coluber constrictor,blupkdsrtfoehnjzcxvw,11/11/2021,14/04/2022,420,114
601,Kobus defassa,smetphrwnylkjbgcz,03/07/2021,18/01/2022,252,820
602,Manouria emys,ohndseckbgmrpva,26/12/2021,25/09/2021,842,401
603,Sus scrofa,rlfwgbthkxzjpyen,08/04/2022,04/03/2022,764,15
604,Ceryle rudis,vozgxrsltyifqdnub,21/05/2022,15/03/2022,348,293
605,Bucephala clangula,mjbovtphnxz,11/06/2022,22/08/2021,474,61
606,Eurocephalus anguitimens,gksxcnifvqaodblhypz,15/12/2021,19/09/2021,493,408
607,Haliaetus leucogaster,xdozhvulagmtc,26/08/2021,12/01/2022,446,537
608,Pseudocheirus peregrinus,zpoxsdvjgnrkh,23/02/2022,02/11/2021,432,722
609,Limnocorax flavirostra,tfjaqvszdnkpg,21/12/2021,06/02/2022,646,514
610,Nasua narica,wcnzfsyokptbgeuj,05/06/2022,18/07/2021,308,439
611,Buteo galapagoensis,mczliwysdbreoxthufna,27/11/2021,12/12/2021,317,290
612,Choloepus hoffmani,ryahupldmoxwtnqe,19/02/2022,15/05/2022,905,440
613,Cereopsis novaehollandiae,uaikhfewxmqjsocz,28/12/2021,06/08/2021,622,573
614,Lutra canadensis,fecbsadtxvqwmngjz,30/12/2021,13/09/2021,264,462
615,Sylvicapra grimma,mcdtwibajsfvqkyzglr,20/01/2022,01/05/2022,687,540
616,Buteo galapagoensis,tzxqnojweml,02/06/2022,27/02/2022,404,556
617,Oxybelis fulgidus,gxesrdyhamqplju,22/02/2022,08/08/2021,472,331
618,Cebus nigrivittatus,oxajbhurtgelsnpk,05/07/2021,08/09/2021,415,374
619,Marmota flaviventris,atwihemflusbydnojx,10/08/2021,10/12/2021,29,781
620,Libellula quadrimaculata,wasymlzituvf,29/04/2022,17/08/2021,468,359
621,Mirounga angustirostris,dphufgrjznkyvotcsmq,22/11/2021,18/06/2021,889,899
622,Agkistrodon piscivorus,jnzywahbcp,20/07/2021,03/06/2022,520,222
623,Coluber constrictor foxii,thovqwinzs,22/03/2022,01/06/2022,820,416
624,Laniarius ferrugineus,svncmwdljo,09/04/2022,12/11/2021,271,431
625,Eurocephalus anguitimens,amfdpeqrtui,02/02/2022,10/08/2021,517,951
626,Alligator mississippiensis,doswbvuncaglpkjzimtx,23/07/2021,06/08/2021,345,756
627,Pseudoleistes virescens,jsqyxaucpndbkgmz,23/05/2022,29/09/2021,731,59
628,Varanus sp.,zyblijoudxvhcatk,15/03/2022,07/04/2022,921,719
629,Macaca mulatta,squjbdzopvftal,13/02/2022,26/02/2022,761,461
630,Vombatus ursinus,yuqftjxabsdvwgkmzchi,04/07/2021,21/02/2022,288,842
631,Meles meles,bysqnhuxai,06/06/2022,27/05/2022,925,883
632,Colobus guerza,ndbjeyusvkpwqohcl,21/07/2021,31/05/2022,787,93
633,Macropus parryi,bawltrvjfziq,19/01/2022,07/07/2021,584,708
634,Petaurus breviceps,dxngfzwkoumhvpcsbq,17/11/2021,22/01/2022,862,721
635,Trachyphonus vaillantii,dejuzqrhcxfmtksvg,28/11/2021,21/04/2022,903,396
636,Tachyglossus aculeatus,uniprxhkbywsaovq,14/07/2021,29/09/2021,961,522
637,Laniarius ferrugineus,oxurmgjnfpdyelwzh,16/05/2022,19/01/2022,256,557
638,Phascogale calura,frhqlyjbmiaexzpo,21/11/2021,25/05/2022,999,525
639,Pseudocheirus peregrinus,fibesnmxzgthylquavoj,02/03/2022,14/05/2022,826,929
640,Lemur fulvus,wziphgrxocylqemfknj,08/01/2022,16/08/2021,932,893
641,Pavo cristatus,hdgplwrsakvcobfiuetj,26/07/2021,20/09/2021,593,172
642,Marmota monax,emnhpyaxkjrzsfdogwb,24/08/2021,01/02/2022,469,255
643,Cochlearius cochlearius,slkigjcuavt,08/07/2021,11/12/2021,376,446
644,Psophia viridis,nkxpadwlgvzscr,23/01/2022,12/04/2022,884,148
645,Trichosurus vulpecula,ucihsoglzyadrqp,22/09/2021,02/02/2022,300,264
646,Sus scrofa,dokjtupznqmgycrlbh,18/11/2021,11/04/2022,268,357
647,Carduelis uropygialis,kasrgwznuqod,06/11/2021,22/07/2021,334,821
648,Sarcophilus harrisii,yupizhosgbqdawf,19/01/2022,23/01/2022,675,314
649,Pseudalopex gymnocercus,aqduhfeoitkpxw,03/11/2021,22/09/2021,42,832
650,Dendrocitta vagabunda,gwlfizsauqnd,26/02/2022,23/10/2021,534,976
651,Coluber constrictor foxii,woczrmtnkbsqdap,09/07/2021,02/01/2022,266,19
652,Pseudocheirus peregrinus,holkbswtmyfcd,28/11/2021,29/03/2022,686,861
653,Anthropoides paradisea,uwjzktmorsfcxilphe,29/06/2021,25/01/2022,358,299
654,Castor canadensis,ipmvedjnubr,16/06/2021,01/11/2021,18,771
655,Libellula quadrimaculata,ibwlfqkajechovprznm,01/10/2021,23/10/2021,340,509
656,Hystrix indica,dekguwzmicfsj,03/03/2022,14/12/2021,222,388
657,Leptoptilus dubius,yjczixhtnoebvsquwm,04/04/2022,01/10/2021,6,75
658,Spheniscus magellanicus,ydmlhpobexajnqiskt,16/04/2022,12/11/2021,375,369
659,unavailable,utfzglrwjdhxmqbnepvo,26/02/2022,20/11/2021,459,646
660,Papio cynocephalus,opwfqalderthbsg,02/08/2021,11/09/2021,714,65
661,Pelecanus conspicillatus,mdhsproagvubte,16/04/2022,04/11/2021,726,511
662,Graspus graspus,xntyjucwos,18/06/2021,12/01/2022,277,520
663,Morelia spilotes variegata,dyunetxlbkgspcjfm,19/03/2022,15/08/2021,485,166
664,Spermophilus parryii,fizywedhnct,18/02/2022,19/08/2021,956,178
665,Chauna torquata,ebqlhaxirdfvwsmcgu,18/11/2021,06/05/2022,94,325
666,Sarkidornis melanotos,srumjhiqxnfwz,06/11/2021,11/03/2022,441,528
667,Gazella thompsonii,qxnspwckih,13/01/2022,09/10/2021,145,604
668,Crotalus triseriatus,kbvnrqetlhpowaiy,30/09/2021,31/08/2021,789,161
669,Agkistrodon piscivorus,rchsoujkxqft,04/01/2022,26/10/2021,730,488
670,Choloepus hoffmani,sguyjvmlbz,26/07/2021,06/08/2021,866,775
671,Felis silvestris lybica,uicybozaqmgstxwejkp,07/12/2021,19/07/2021,14,11
672,Leptoptilos crumeniferus,mwlqpektaduvczi,27/09/2021,03/06/2022,350,471
673,Trachyphonus vaillantii,arbmekxlsodf,27/02/2022,28/06/2021,987,426
674,Potorous tridactylus,hwbzixfklecvgnptouqs,27/02/2022,07/05/2022,751,94
675,Larus fuliginosus,twxghmjzpnbeuqv,20/02/2022,10/03/2022,816,131
676,Oryx gazella,azgwobunisjyxkrvfqe,29/04/2022,07/12/2021,790,155
677,Lamprotornis sp.,gzpqxuodwem,11/09/2021,08/08/2021,808,418
678,Cynictis penicillata,zrtasqhofpyk,10/07/2021,30/05/2022,362,138
679,Cacatua tenuirostris,jpnfmboruwzxsahtg,28/07/2021,06/10/2021,175,826
680,Bassariscus astutus,tzqlcomvpjgkdr,11/09/2021,17/09/2021,618,887
681,Lemur fulvus,vkzflhrsaytmigb,17/10/2021,29/09/2021,946,804
682,Bradypus tridactylus,obftkxmhyl,04/08/2021,15/09/2021,108,353
683,Sceloporus magister,yxrtpmqsoi,15/11/2021,14/06/2021,979,907
684,Choriotis kori,tgpqjlfezi,18/07/2021,22/04/2022,749,702
685,Crotalus adamanteus,hqubtygawn,15/04/2022,14/03/2022,537,703
686,Casmerodius albus,cpseongvuqdyjftrm,04/07/2021,19/11/2021,220,62
687,Anas punctata,tkwhifyborscgzqd,10/10/2021,04/07/2021,680,584
688,Crocuta crocuta,uqzjaskdfwbyrvno,07/04/2022,14/01/2022,844,583
689,Tayassu pecari,wztdepgabrio,30/08/2021,03/11/2021,827,623
690,Cracticus nigroagularis,unagwoxypqtcmzer,22/07/2021,22/01/2022,580,76
691,Uraeginthus granatina,ftbzxgmlopykndaqhji,13/05/2022,29/07/2021,664,319
692,Tachyglossus aculeatus,qsutnkmbzfhxdiyolv,15/03/2022,03/12/2021,198,971
693,Morelia spilotes variegata,otghxmiaedzqfbunl,14/09/2021,30/12/2021,681,743
694,Phasianus colchicus,dgqaofkrznmwthsy,09/09/2021,29/07/2021,203,144
695,unavailable,tfhuzdglvaxnwmyekpcq,03/09/2021,26/01/2022,792,333
696,Phoca vitulina,emrwqxsazucgbk,15/01/2022,17/06/2021,342,489
697,Butorides striatus,cpivyexkjudforgwa,09/12/2021,14/03/2022,103,695
698,Larus dominicanus,fgmduhebqctzpiyn,26/02/2022,18/11/2021,22,477
699,Felis caracal,iazqnwyujkmp,25/06/2021,08/09/2021,709,622
700,Vulpes chama,hycxginzblkjmap,10/03/2022,15/05/2022,971,941
701,Acrantophis madagascariensis,hbleosfwjgv,14/08/2021,21/11/2021,144,170
702,Ursus arctos,xhbdfjnoswiametzg,03/04/2022,07/01/2022,747,480
703,Tamiasciurus hudsonicus,vyonfxedctsgwjp,08/05/2022,21/06/2021,924,362
704,Macropus agilis,dynlgaimkrhoswtzxv,16/12/2021,09/10/2021,771,175
705,Falco mexicanus,xzlnhpfikvsrwot,16/12/2021,06/03/2022,344,598
706,Casmerodius albus,jnlgqhfiaoxkvyeprmwb,25/02/2022,11/08/2021,11,683
707,Phoca vitulina,khedlwbpqmza,24/09/2021,06/02/2022,608,102
708,Macropus agilis,ytodbwzpxgkmravqjl,18/06/2021,11/10/2021,170,424
709,Axis axis,zbykwfhmngijqvxcslod,27/03/2022,03/03/2022,115,506
710,Gyps bengalensis,zcniawhfdejb,14/05/2022,17/01/2022,678,533
711,Ovibos moschatus,ghrwldkpuyntxmjbf,17/09/2021,03/03/2022,685,714
712,Buteo jamaicensis,xebocfvymrlzwiats,30/09/2021,15/04/2022,413,329
713,Macaca radiata,snxqjdcthe,19/06/2021,23/04/2022,660,20
714,Zenaida galapagoensis,nuwvfgkldmctbzq,03/05/2022,22/05/2022,431,64
715,Charadrius tricollaris,hqnseufaykbzjtrvcxw,31/05/2022,03/12/2021,35,965
716,Tragelaphus angasi,flyaqkwscojtrhzmpgd,07/01/2022,31/08/2021,707,315
717,Lepus townsendii,hsnjaxwzqeb,27/01/2022,01/09/2021,541,501
718,Mycteria leucocephala,atfdnuzhiy,28/01/2022,25/02/2022,742,395
719,Corvus albus,jhocuypxmfv,06/12/2021,13/08/2021,693,843
720,Certotrichas paena,iqnofpwzslegj,14/08/2021,15/08/2021,112,924
721,Hystrix cristata,mjgufrhkyvwnlpdct,22/11/2021,13/01/2022,750,535
722,Galictis vittata,buiktelhznpyj,10/02/2022,22/05/2022,346,420
723,Delphinus delphis,robifxqpwjdmua,06/03/2022,18/12/2021,285,438
724,Crotalus cerastes,azroqfcnul,16/07/2021,08/02/2022,978,987
725,Ardea golieth,bkumlyixgwzhnpa,08/01/2022,18/01/2022,661,492
726,Ephippiorhynchus mycteria,vmwbfkxjtqducehayo,13/06/2021,12/12/2021,434,412
727,Papilio canadensis,fbidyozlujtrhskevcgn,09/05/2022,23/05/2022,371,400
728,Funambulus pennati,mfytclgnzbrwauqkhs,17/12/2021,01/06/2022,898,668
729,Bubo sp.,qihbzesrcpfnuwovdty,14/10/2021,01/03/2022,824,570
730,Equus burchelli,kzrehmbgfvwsn,18/01/2022,26/12/2021,143,194
731,Tamiasciurus hudsonicus,qxidawyctgoljrfzvnm,26/05/2022,13/05/2022,713,288
732,Orcinus orca,duplmcnrwiset,12/02/2022,06/02/2022,855,550
733,Upupa epops,kgxzomvetwuqbalrnfc,27/02/2022,20/04/2022,310,773
734,Galictis vittata,knjyacomfhsbqdli,23/01/2022,17/04/2022,803,210
735,Mirounga leonina,zqulkcanthgm,25/02/2022,27/01/2022,160,736
736,Vulpes chama,vsaydqjfhctkwgi,11/02/2022,23/04/2022,280,476
737,Delphinus delphis,wokzshvbunmjxtcegl,20/08/2021,14/12/2021,989,146
738,Eurocephalus anguitimens,yxowavrmkzlefjgs,11/06/2022,28/09/2021,821,17
739,Eudromia elegans,cygifehnjkzuvrlopm,17/10/2021,08/04/2022,164,905
740,Hippotragus equinus,pfvyuzirhgsdkblowjnt,07/05/2022,12/03/2022,892,467
741,Haliaeetus leucocephalus,fqokrzbudvetypxhm,05/07/2021,12/07/2021,452,660
742,Macropus fuliginosus,uxfgjoidpvhtnzcmsk,11/11/2021,29/09/2021,511,249
743,Mellivora capensis,apdmoclugyznjxfe,26/02/2022,02/09/2021,118,896
744,Anhinga rufa,etbipnoahjcfzwdsy,24/03/2022,18/08/2021,338,532
745,Carduelis uropygialis,xhvdpblskiajzecqmfn,17/07/2021,03/04/2022,753,602
746,Crax sp.,ufhznsylcjrvwqiagop,04/03/2022,11/10/2021,449,121
747,Tayassu pecari,dlrkcnivbtywpojehq,12/09/2021,28/05/2022,712,988
748,Uraeginthus angolensis,sepjkbhmctu,12/08/2021,02/06/2022,838,361
749,Loris tardigratus,gzbhjetofaiuxvwnc,20/09/2021,19/12/2021,677,862
750,Eudromia elegans,abgowvtksrmf,31/10/2021,16/05/2022,1,275
751,Thylogale stigmatica,dvtgzslruwqjbfieaom,30/06/2021,15/05/2022,381,296
752,Speotyte cuniculata,yupfghtjilxndsec,16/07/2021,02/10/2021,336,78
753,Aonyx cinerea,awnzjlcdyrqfutbvomi,14/11/2021,02/02/2022,43,122
754,Paradoxurus hermaphroditus,elkshyxrfjqabp,15/08/2021,27/07/2021,232,972
755,Coendou prehensilis,spkytrnzlhvwjgfomc,13/06/2021,18/09/2021,604,816
756,Cathartes aura,yfxiukocvaztjnwghr,08/06/2022,31/05/2022,65,27
757,Melanerpes erythrocephalus,gwjylxbaqfptur,12/12/2021,26/01/2022,655,696
758,Dasypus septemcincus,owjclptvskabherziyd,16/07/2021,15/08/2021,448,982
759,Francolinus coqui,lwojbtikyecvnqfzhs,13/12/2021,09/07/2021,353,2
760,Dusicyon thous,waljkhqsuvfyxoeb,20/02/2022,26/11/2021,321,307
761,Phasianus colchicus,zekrhtiyuaxfpocnmvls,22/06/2021,24/07/2021,311,776
762,Trachyphonus vaillantii,kylspqgwmoeb,21/02/2022,13/07/2021,181,318
763,Centrocercus urophasianus,izvthrblspnge,26/10/2021,25/03/2022,631,541
764,Canis aureus,hcxgafeonmyvjius,03/09/2021,28/03/2022,645,814
765,Libellula quadrimaculata,wrlpignvtdobcqxj,22/06/2021,28/07/2021,916,959
766,Phoeniconaias minor,aohrtvugcdxlbjnqmesy,27/10/2021,29/09/2021,88,241
767,Odocoilenaus virginianus,gexdcijtprvysofbw,17/02/2022,09/11/2021,168,482
768,Otocyon megalotis,qigfwepxrahbvslztj,06/03/2022,20/02/2022,403,457
769,unavailable,jdsyelrtgmhaiofznx,27/04/2022,15/09/2021,854,463
770,unavailable,fojeilnkzaxmyurd,26/06/2021,25/08/2021,930,831
771,Oryx gazella,eqmhscdwoyjavrl,12/08/2021,16/05/2022,135,544
772,Cervus elaphus,ahkwebilduyzcf,02/10/2021,29/01/2022,603,123
773,Kobus defassa,qvjhawksnyfeupt,08/11/2021,05/05/2022,722,516
774,Microcavia australis,cthlsxavewqp,26/08/2021,17/06/2021,378,980
775,Climacteris melanura,xhytdnlzrquajpi,24/06/2021,06/08/2021,281,105
776,Graspus graspus,wldmntiebkfcuvz,09/01/2022,15/04/2022,454,788
777,Gymnorhina tibicen,ucfykpdrxzs,27/07/2021,14/12/2021,637,694
778,Lophoaetus occipitalis,rjpvlnbuwmi,27/02/2022,15/07/2021,484,753
779,Phalacrocorax carbo,oqbckrhxmydgpzntewj,11/07/2021,14/08/2021,754,448
780,Canis lupus lycaon,kulhdenogpmyjzrci,17/11/2021,27/12/2021,476,564
781,Sylvilagus floridanus,tjnomzhreuvylkadpx,11/05/2022,09/04/2022,125,193
782,Caiman crocodilus,brxfkyupws,27/10/2021,12/07/2021,407,928
783,unavailable,vhkbysdwclr,20/11/2021,17/12/2021,10,997
784,Seiurus aurocapillus,kcfvehoqlxwny,25/02/2022,02/06/2022,138,261
785,Alopex lagopus,nahqkmocpy,12/02/2022,10/12/2021,387,521
786,Branta canadensis,lhbqxsacvpm,23/02/2022,15/05/2022,24,975
787,Perameles nasuta,gmisbpvezu,02/10/2021,14/04/2022,93,245
788,Aegypius tracheliotus,irzvmpbjlntscf,12/11/2021,17/06/2021,744,757
789,Choloepus hoffmani,usdtjzkyfgxepvwl,14/01/2022,02/02/2022,442,253
790,Felis wiedi or Leopardus weidi,mbulesvwhzjopnr,08/10/2021,26/11/2021,360,107
791,Potos flavus,vwdlszebokghpqyjicx,14/07/2021,26/09/2021,150,48
792,Didelphis virginiana,iwrvzulsfkqcyg,07/02/2022,04/05/2022,26,213
793,Acrantophis madagascariensis,ohlugidyvkwaxtesq,05/08/2021,20/03/2022,141,190
794,Choriotis kori,kyfzpiqvxtuhjnwgdrlm,21/07/2021,14/01/2022,705,335
795,Zosterops pallidus,ovuybmkfqwnaspztce,12/03/2022,17/06/2021,657,909
796,Balearica pavonina,wdzkrlnvpmjsgiao,15/01/2022,23/10/2021,601,992
797,Naja haje,grvachweou,14/03/2022,27/07/2021,737,115
798,Grus antigone,szvmgdbqwoneykx,27/04/2022,24/11/2021,84,361
799,Snycerus caffer,zsimbdwjpxa,20/06/2021,22/11/2021,950,152
800,Centrocercus urophasianus,czltjudofryaxnhek,16/04/2022,16/11/2021,579,508
801,Lamprotornis chalybaeus,wlmyaqrusdepnthfb,05/10/2021,06/12/2021,846,484
802,Pitangus sulphuratus,rbvaokhitu,29/05/2022,20/08/2021,65,858
803,Pan troglodytes,qdvzlftkgeuronpjxi,10/12/2021,26/02/2022,123,807
804,Paroaria gularis,yszeamwxuijhknqc,17/12/2021,08/05/2022,71,555
805,unavailable,hiynrlxwedsbtfgvupj,13/04/2022,03/04/2022,248,903
806,Spizaetus coronatus,dfeoyazgixnsphu,27/05/2022,20/09/2021,454,682
807,Nesomimus trifasciatus,sgkxlovndiutcwfym,25/10/2021,16/01/2022,75,596
808,Merops nubicus,rfsvxuzpcktlmdnj,07/03/2022,23/03/2022,225,495
809,Felis libyca,tunkibzdoplhxwj,25/11/2021,21/01/2022,847,651
810,Merops sp.,nfjirqdhwxkaeblmp,17/07/2021,13/10/2021,254,81
811,Lamprotornis chalybaeus,liuztfbrdqschkevj,07/12/2021,28/06/2021,911,72
812,unavailable,uqzphtangdcxe,13/03/2022,23/10/2021,826,568
813,Haematopus ater,nvikldoayrfqw,20/02/2022,16/02/2022,216,482
814,Bassariscus astutus,slpmcgxvnfuyhktedw,11/12/2021,09/12/2021,243,470
815,Macropus parryi,olzxdwsqca,02/02/2022,13/10/2021,606,848
816,Sauromalus obesus,isqwfmtnpkcja,11/03/2022,26/05/2022,19,391
817,Phylurus milli,svwbyhiuzqrfojdml,17/03/2022,11/11/2021,451,335
818,Centrocercus urophasianus,xtsiprvhbedwnkc,27/03/2022,10/05/2022,896,214
819,Naja nivea,ywuxmgkbiqtehrcn,20/04/2022,18/03/2022,559,374
820,Junonia genoveua,ltwbcqopmfyeasvjdghx,28/08/2021,27/02/2022,627,904
821,Herpestes javanicus,zndtwvfbkamlpo,13/05/2022,29/12/2021,146,617
822,Notechis semmiannulatus,yoxmrwaucj,15/09/2021,24/11/2021,853,976
823,Cervus elaphus,jscpdrulygiztnhf,24/09/2021,24/04/2022,719,5
824,unavailable,wmrvuahlngijpfbxodze,07/03/2022,18/01/2022,966,557
825,Panthera leo persica,tjhlfnpogwzavbs,13/11/2021,28/04/2022,188,597
826,Potos flavus,zdqtkwpbeunl,02/04/2022,14/01/2022,47,917
827,Equus hemionus,ohcyadtzpfkeuigj,07/07/2021,15/08/2021,81,412
828,Bucephala clangula,zuoijsbpnwahvte,06/06/2022,25/11/2021,21,86
829,Suricata suricatta,eavqtzxfylw,16/03/2022,02/12/2021,88,226
830,Ovis canadensis,kuydpwcqtnjel,06/09/2021,18/01/2022,616,655
831,Delphinus delphis,olszuwxtcpyrfbh,13/03/2022,23/08/2021,802,747
832,Spizaetus coronatus,jczunvbexa,23/11/2021,17/02/2022,900,595
833,Phalacrocorax carbo,meoiadkryxuqzgtcn,12/06/2021,17/01/2022,797,623
834,Drymarchon corias couperi,sohidxumcl,23/07/2021,24/03/2022,198,264
835,Zalophus californicus,cmftdjpewnughsbvi,27/01/2022,24/01/2022,63,266
836,unavailable,nkaolptrdysvwheqi,06/06/2022,09/05/2022,818,285
837,Herpestes javanicus,jxysbohcmpda,03/10/2021,23/07/2021,205,569
838,Carduelis uropygialis,meviufxratsg,27/03/2022,17/04/2022,275,953
839,Dasypus novemcinctus,tmkpdrxabfq,09/03/2022,02/06/2022,832,520
840,Semnopithecus entellus,jncfgwmkovrlhaeyq,12/02/2022,07/04/2022,705,752
841,Parus atricapillus,ozbqdpjvwxlkhmaf,30/04/2022,14/10/2021,413,749
842,Vulpes chama,hosvwtageunrifkb,25/05/2022,05/03/2022,763,715
843,Bassariscus astutus,rdoaehxzkspfq,02/10/2021,16/05/2022,609,82
844,Naja nivea,wrjgtcfadkvhz,13/03/2022,25/02/2022,576,276
845,Canis lupus,dshzatojqxknw,23/01/2022,26/01/2022,395,378
846,Balearica pavonina,blfrtyqohm,19/08/2021,02/09/2021,656,959
847,Morelia spilotes variegata,dhagmjosnyxcftek,09/07/2021,14/01/2022,899,544
848,Lorythaixoides concolor,sialjhcxbeo,25/12/2021,14/08/2021,682,880
849,Notechis semmiannulatus,vtyiacxqbrfeph,15/06/2021,23/10/2021,904,227
850,Fregata magnificans,ovtbqwkcihpsnflmdjaz,23/08/2021,08/04/2022,394,993
851,Lepus arcticus,tupoykjarngwizlf,30/09/2021,19/09/2021,478,687
852,Butorides striatus,hwbpoyxget,08/01/2022,26/04/2022,427,403
853,Ictonyx striatus,qbitgxovcwjhmyupn,05/07/2021,14/08/2021,132,431
854,Centrocercus urophasianus,feqjoumlyvwhcagbtz,12/10/2021,01/06/2022,493,521
855,Coluber constrictor,kvzosxjpyag,12/03/2022,09/04/2022,533,773
856,Zalophus californicus,uhzpbotknrsd,04/01/2022,09/07/2021,709,883
857,Sula nebouxii,srhyncdotiz,19/01/2022,29/08/2021,586,490
858,Speothos vanaticus,uvlerpanfmzt,18/01/2022,12/03/2022,918,47
859,Tiliqua scincoides,zqykcomxvbnduhsaiwe,19/07/2021,25/06/2021,732,524
860,Ninox superciliaris,yhwuojdragpt,16/09/2021,29/05/2022,134,741
861,Nasua narica,xgjoqwakpefln,09/02/2022,30/08/2021,103,864
862,unavailable,nesplajhzkrfyui,30/04/2022,17/07/2021,977,686
863,Lepus arcticus,aizjgypontluem,31/03/2022,12/06/2021,697,175
864,Merops nubicus,ikotpqwayv,20/02/2022,18/04/2022,520,542
865,Dolichitus patagonum,sexfhdrogvwu,21/01/2022,10/06/2022,136,151
866,Paradoxurus hermaphroditus,felznardkmg,19/03/2022,03/01/2022,860,348
867,Castor fiber,etkgfujbopi,07/01/2022,18/10/2021,771,978
868,Tamiasciurus hudsonicus,phyencujvltfobawmdkq,26/09/2021,18/02/2022,843,951
869,Naja sp.,xewhsqnbydj,05/03/2022,22/10/2021,256,254
870,Anas punctata,oevacnwqkbimjuldxprg,22/01/2022,31/08/2021,992,897
871,Pelecanus conspicillatus,khdutjrqaploviy,26/12/2021,24/07/2021,295,937
872,Ovis canadensis,bgyherlfmjvcdaxpo,11/05/2022,10/10/2021,935,999
873,Cercopithecus aethiops,bqihrcojavykxngmfew,08/05/2022,10/02/2022,87,914
874,Ploceus intermedius,kjfamdbizqonxrtehu,06/09/2021,19/08/2021,670,830
875,Columba livia,dxnlepybsurgzmo,08/04/2022,22/11/2021,371,788
876,Dacelo novaeguineae,cdaxhtnbuszmi,15/12/2021,16/12/2021,29,22
877,Lycaon pictus,wzukvlrisajoqxdhf,18/08/2021,18/03/2022,356,605
878,Hyaena brunnea,wutbvypagehkjo,22/04/2022,29/06/2021,306,892
879,Ratufa indica,srlzcboephu,12/01/2022,20/07/2021,223,707
880,Carduelis uropygialis,gvbnyarzedpq,12/09/2021,27/05/2022,78,52
881,Bradypus tridactylus,tjlbzrncsxpam,11/03/2022,14/12/2021,993,667
882,Felis silvestris lybica,sboaxmjlrhtidg,05/11/2021,03/07/2021,226,280
883,Phascogale tapoatafa,thyrgmdfzxwpnoskicj,17/02/2022,18/01/2022,140,695
884,Diomedea irrorata,cyomtazughjkvrweqx,19/03/2022,03/12/2021,730,341
885,Aepyceros mylampus,vdqewiuzmylxscpbrjhk,01/03/2022,18/04/2022,755,404
886,Didelphis virginiana,qnyjmogchtpis,22/06/2021,02/06/2022,909,473
887,Cordylus giganteus,luykgahmoxipb,27/11/2021,16/06/2021,267,545
888,Paroaria gularis,rgdjqeothylxsi,29/01/2022,30/05/2022,865,162
889,Oxybelis fulgidus,sarzmbwipycxtkgj,15/08/2021,18/06/2021,550,64
890,Trichechus inunguis,gltfkvexcrib,24/10/2021,02/01/2022,794,776
891,Plocepasser mahali,dgjbtvalmsfrnhoxeuk,29/04/2022,25/06/2021,343,90
892,Axis axis,awsjqlkopc,19/06/2021,18/09/2021,662,432
893,Dipodomys deserti,pqwlzmrfnucidxj,22/11/2021,14/12/2021,5,233
894,Elephas maximus bengalensis,fwdjqgabrcyv,13/09/2021,01/05/2022,352,326
895,Equus hemionus,twpcujkqalim,16/11/2021,03/03/2022,956,40
896,Tauraco porphyrelophus,dwbvocamqsjirhut,12/11/2021,01/07/2021,358,616
897,Delphinus delphis,othkqugrnzfvyw,25/07/2021,13/09/2021,457,179
898,Thylogale stigmatica,gptrnloihbszxvwu,19/02/2022,01/09/2021,751,780
899,Tamandua tetradactyla,bceromsykngvpfqtd,01/11/2021,21/05/2022,947,853
900,Myrmecobius fasciatus,uelqxipnfmdzorjtby,04/01/2022,16/04/2022,441,721
901,Calyptorhynchus magnificus,hclsmxkpoqfna,22/02/2022,15/11/2021,807,730
902,Paradoxurus hermaphroditus,nupaxgczst,24/07/2021,12/07/2021,591,756
903,Felis caracal,jlrdyuzatqcmgfne,25/01/2022,15/04/2022,1,197
904,Alopex lagopus,owyljugrnxmvsfhditek,22/09/2021,03/12/2021,532,996
905,Boa constrictor mexicana,zqvbkwpjfdmrouasihc,06/03/2022,12/08/2021,435,20
906,unavailable,tpaoislqycvejrdubzkx,04/07/2021,17/09/2021,462,414
907,Phalacrocorax niger,zlyspjqwehdbxoatfk,24/08/2021,13/09/2021,598,979
908,Suricata suricatta,qzceisthwmnrajdgo,17/09/2021,12/10/2021,710,419
909,Dicrostonyx groenlandicus,bxtujmesiqacd,15/03/2022,14/03/2022,98,133
910,Cervus duvauceli,vrhyaxotckzqsf,05/06/2022,13/10/2021,954,872
911,Ursus maritimus,kliucbshpvtzjeogn,09/07/2021,26/11/2021,375,869
912,Corvus albicollis,nbtycozhkfpsqumvari,22/03/2022,03/11/2021,453,410
913,Mephitis mephitis,peuomanrqklcwbytgiv,11/11/2021,13/02/2022,312,56
914,Macaca radiata,cznvrbowyilfsetaq,22/08/2021,21/05/2022,36,297
915,Rhabdomys pumilio,ljaznkefyuhdtbmws,19/04/2022,13/06/2021,799,140
916,Tyto novaehollandiae,rjmpiftkebzlqaw,14/10/2021,29/09/2021,16,799
917,Felis concolor,tiopzejdska,30/05/2022,27/04/2022,837,200
918,Spermophilus tridecemlineatus,izeanxjvkyrwot,30/03/2022,17/07/2021,901,270
919,Carphophis sp.,dkugxscaqtrzv,05/08/2021,25/11/2021,122,846
920,Casmerodius albus,qztbclfgrhkvi,25/08/2021,10/08/2021,529,911
921,Oncorhynchus nerka,eihmoqdtxzbsu,27/07/2021,27/04/2022,388,950
922,Macropus parryi,fqjvnashclwmbyrkdxiz,28/06/2021,24/08/2021,626,833
923,Coluber constrictor,hiuoldxjrnpybkateqv,05/12/2021,21/10/2021,177,786
924,Felis caracal,stficenjwbravkhmupqx,12/05/2022,15/05/2022,552,586
925,Eira barbata,bmpoqnvfktuglyjwsr,14/11/2021,19/10/2021,507,643
926,Genetta genetta,mxpkvbricoyajlnushe,28/12/2021,05/12/2021,266,407
927,Equus burchelli,isufrzxkceanwjoq,23/09/2021,11/06/2022,932,331
928,Phoenicopterus ruber,mdlpwocgrz,16/09/2021,31/03/2022,902,829
929,Panthera pardus,gufithkszvdy,25/11/2021,27/08/2021,407,334
930,Naja haje,kshcvenjiofz,14/09/2021,06/07/2021,760,929
931,Marmota caligata,xsyqtelfdkiagcjvm,09/03/2022,04/01/2022,929,896
932,Caiman crocodilus,oywfcgnibzdvkuqm,30/07/2021,21/12/2021,139,876
933,Ceryle rudis,qnoldfmgry,27/05/2022,21/07/2021,864,240
934,Marmota caligata,megwbyzuqln,06/12/2021,17/01/2022,174,907
935,Colaptes campestroides,kshnwajruz,19/03/2022,25/10/2021,402,919
936,Dusicyon thous,tqsvpyhflebmwarxnuod,13/06/2021,04/06/2022,931,324
937,Damaliscus lunatus,hlmznrfcobtidwexy,01/09/2021,10/09/2021,757,891
938,Cereopsis novaehollandiae,keojchvafysldmxqg,22/08/2021,17/10/2021,470,899
939,Macropus rufus,jckrynilfpdaqguvwxht,11/06/2022,16/08/2021,703,41
940,Eremophila alpestris,nmdagprvcijhztxye,15/12/2021,20/09/2021,582,62
941,Dasypus novemcinctus,kbyfonrgquwvpisxtd,21/11/2021,25/03/2022,785,206
942,Eumetopias jubatus,hogkybimqaj,23/05/2022,26/03/2022,811,563
943,Pavo cristatus,xuizfhvlgdycoq,19/02/2022,23/04/2022,291,534
944,Canis mesomelas,yjgondrlbx,28/09/2021,05/05/2022,915,764
945,Isoodon obesulus,enkljgahpdvuwqxyrc,03/11/2021,02/07/2021,73,772
946,Gyps fulvus,feitvwrcbnkosyq,06/01/2022,27/08/2021,888,299
947,Macropus agilis,jbpimklrueyqnx,13/07/2021,20/11/2021,608,392
948,Dipodomys deserti,yegbiparwvmlojfhzd,25/06/2021,10/09/2021,23,806
949,Meles meles,tvarflbgso,22/01/2022,31/08/2021,738,842
950,Seiurus aurocapillus,hyogwdmsqluxcke,21/09/2021,18/08/2021,43,75
951,Phylurus milli,dewnifqskucvbg,22/04/2022,18/11/2021,622,239
952,Sitta canadensis,lubdxipectgrhjz,28/07/2021,08/12/2021,641,242
953,Francolinus leucoscepus,ajmsvkionxdcgb,09/10/2021,06/10/2021,133,306
954,Alopex lagopus,phaotbmgfjuldkxevs,22/10/2021,11/07/2021,315,585
955,Neophoca cinerea,redhxonkygp,06/11/2021,30/11/2021,329,704
956,Dendrocygna viduata,gdyoaxrbiweuc,14/03/2022,27/01/2022,4,755
957,Scolopax minor,adfxogrqkvwmnte,06/05/2022,09/07/2021,768,443
958,Macropus rufogriseus,equilpjknzor,12/02/2022,05/05/2022,114,918
959,Colobus guerza,lsnuapimbzykqvrjchd,13/02/2022,10/03/2022,657,684
960,Cygnus atratus,yukrsvcjzanhqowx,25/07/2021,28/05/2022,200,810
961,Acrobates pygmaeus,utihalsogzek,29/08/2021,20/10/2021,965,364
962,Phoenicopterus ruber,hnayxwkufpzcsdiomqgt,07/03/2022,22/09/2021,852,292
963,Mustela nigripes,sfzpxwydkcualhmiv,15/09/2021,19/03/2022,443,518
964,Macropus agilis,achspzybqtnlfoxmdv,18/01/2022,16/07/2021,758,766
965,Pelecans onocratalus,hnmeblrztkvjsg,14/03/2022,30/12/2021,400,89
966,Antechinus flavipes,hruxpajtql,03/12/2021,25/09/2021,458,293
967,Redunca redunca,etcmsjoaivzwdg,30/12/2021,04/07/2021,434,286
968,Canis lupus,udlsxbhmqogeytnfw,10/03/2022,13/08/2021,191,398
969,Bucephala clangula,sriqvdyfcelujtgpazox,17/01/2022,04/11/2021,492,637
970,Theropithecus gelada,pxbrlskicm,03/05/2022,04/06/2022,333,973
971,Myiarchus tuberculifer,fpabezkjnxghdys,24/07/2021,23/01/2022,613,379
972,Stenella coeruleoalba,smavkhlngocjrb,26/05/2022,14/10/2021,611,434
973,Spheniscus magellanicus,aqizwunjkgdepbtlmxc,20/01/2022,10/02/2022,665,639
974,Connochaetus taurinus,cdyrbsnioxqvgp,15/12/2021,08/02/2022,592,708
975,Dendrocygna viduata,gjkhyusacdezonitxr,08/10/2021,20/07/2021,523,664
976,Macropus fuliginosus,satgzlcvfinod,25/09/2021,08/11/2021,624,192
977,Crax sp.,tldeasirfkxgwujq,11/12/2021,13/06/2021,937,244
978,Vanessa indica,zydraqnwhef,09/11/2021,20/05/2022,971,426
979,Paradoxurus hermaphroditus,gqsljtyehipcx,08/01/2022,20/10/2021,257,838
980,Choriotis kori,sinmcqprfdbjueozy,30/06/2021,20/08/2021,534,724
981,Diomedea irrorata,mvhqrwgdaibofeux,06/08/2021,19/03/2022,350,633
982,Suricata suricatta,obutxmejlzhgynadv,29/08/2021,14/06/2021,437,17
983,Xerus sp.,wlfbhrpuicezymdtqs,21/12/2021,23/09/2021,836,234
984,Nectarinia chalybea,spednzcqlibktrxm,12/04/2022,08/08/2021,302,750
985,Conolophus subcristatus,kbnxdawueyqmtlo,04/10/2021,11/03/2022,372,657
986,Buteo regalis,bndsmvugjqlahyerik,16/12/2021,16/11/2021,235,626
987,Ciconia episcopus,cysxmolqrnzejgb,10/10/2021,02/07/2021,806,145
988,Mungos mungo,gdupwjrivxactoelkf,09/02/2022,02/01/2022,653,367
989,Lamprotornis sp.,hkriauxngy,03/02/2022,11/01/2022,817,844
990,Cervus duvauceli,pnztwvfljsy,21/12/2021,08/08/2021,162,665
991,Pteronura brasiliensis,ilfbhewasjcdnxymqot,09/02/2022,29/03/2022,874,671
992,Myotis lucifugus,wlfeynzgbdroavp,22/01/2022,26/11/2021,119,562
993,Spizaetus coronatus,zqotylbiga,13/05/2022,01/06/2022,967,735
994,Haliaeetus leucocephalus,nxsdefqizc,01/05/2022,02/06/2022,355,163
995,Libellula quadrimaculata,wuinfsjkbqmrxavhgd,29/01/2022,30/08/2021,878,454
996,Pteronura brasiliensis,prikqvmyoahefxzwn,28/04/2022,26/06/2021,893,332
997,Antilope cervicapra,pjltkqhmzcvgabneisr,29/03/2022,17/01/2022,642,298
998,Larus fuliginosus,feujdsxmtrzcaqhwn,19/05/2022,06/03/2022,925,204
999,Acrantophis madagascariensis,domviaflejns,02/03/2022,13/12/2021,354,645
1000,Phoca vitulina,snzktjpxoycaeimgdqbr,15/10/2021,11/07/2021,727,436
