id,username,email,password,user_type,tckn,mobile,start_date,end_date
1,rloughrey0,aletchford0@mlb.com,o7kyyauza,D,5312754099,1594796188,20/06/2021,08/09/2021
2,hclipson1,bbambrough1@icq.com,YBF9zpO0A5d,DA,5362717225,9906590465,02/05/2022,29/10/2021
3,rbalfre2,gannes2@shutterfly.com,MI4emir,DA,5324066175,5849921801,15/07/2021,10/12/2021
4,crobjohns3,sgiacomo3@epa.gov,t1jJONy9xN,SA,5372628787,0973320715,14/04/2022,10/10/2021
5,fdwerryhouse4,zonyon4@walmart.com,dxvIxdC,D,5335784813,6345199849,16/02/2022,19/05/2022
6,breyburn5,sguyet5@imageshack.us,ln2siobfZm,D,5324198214,6067262878,05/06/2022,24/02/2022
7,cjirousek6,uvarker6@eventbrite.com,a5HUSCGZXAr,D,5312591063,7627513072,11/05/2022,31/12/2021
8,nbinestead7,cvannoort7@edublogs.org,PIxXuXu,D,5344128226,8574634943,24/03/2022,15/03/2022
9,oiseton8,wdinapoli8@cdbaby.com,76E8sYX3,DA,5392294706,8189987417,10/06/2022,01/05/2022
10,avedenyakin9,cmill9@netlog.com,Hfo1ET4,BA,5399295953,9135774147,02/07/2021,28/05/2022
11,nkylesa,cmerrimana@yahoo.co.jp,2haDzEA3,BA,5302522967,5225870092,15/01/2022,22/02/2022
12,tclinesb,lbluckb@rakuten.co.jp,iNwEc2jJ,DA,5383595236,3464928296,24/03/2022,19/10/2021
13,giffec,osimonsc@wikia.com,RdImqR,DA,5397611387,0664646293,05/05/2022,08/11/2021
14,hgleded,bgoundrilld@deliciousdays.com,0mOFJ3gGO,BA,5379148779,6892074596,22/08/2021,07/08/2021
15,ndorsaye,hfryde@cloudflare.com,UfFKhb,D,5324934410,6503859761,01/11/2021,22/11/2021
16,jharpurf,arubinivitzf@constantcontact.com,veYmYe,D,5352762072,2677124917,02/03/2022,01/04/2022
17,fganfordg,tdonativog@e-recht24.de,aKxbn02,BA,5337762484,2999801238,30/04/2022,17/07/2021
18,nkilgannonh,gbrokh@tuttocitta.it,K6YVNTII,D,5338503212,2150303576,18/02/2022,23/06/2021
19,schatbandi,nbenedettinii@mac.com,B39cHDX4PK,BA,5383353489,8940448995,11/01/2022,02/02/2022
20,gmewhaj,cbeninij@dailymotion.com,c1BV9Ji,D,5350553162,1309465920,08/08/2021,26/11/2021
21,spasticznykk,rstoggellk@columbia.edu,fi7yrD3TD,D,5351922243,0917197215,23/01/2022,12/01/2022
22,igolbornel,alaidell@plala.or.jp,e0L7JaDp7h,D,5368611622,9652325589,15/04/2022,26/04/2022
23,cashurstm,ldunningm@flickr.com,5ZzOSpP9j,D,5380906083,8699525781,21/06/2021,30/05/2022
24,cmclenaghann,edimatteon@nytimes.com,QpLYQv3,DA,5366927790,3387517631,22/11/2021,27/02/2022
25,nframptono,gkymeo@ucsd.edu,IXvEeuOtS9YV,D,5375091253,6567166320,11/09/2021,28/10/2021
26,rsemarkp,aparrattp@nydailynews.com,X22yIQ,D,5367078022,6061866874,17/06/2021,30/01/2022
27,gklesseq,mmccarrickq@usatoday.com,bDL1HNW,D,5343210030,1563784948,22/09/2021,14/02/2022
28,bveiversr,holiverr@webeden.co.uk,zDy9axEgGCnV,D,5325032798,8611342105,24/09/2021,10/04/2022
29,jrooss,rbaribals@last.fm,iwEhE9x4L,D,5393189345,7271241213,25/02/2022,25/06/2021
30,ccarlettit,boxbet@gizmodo.com,u4xyt3C,D,5391019137,3400313729,11/08/2021,15/11/2021
31,tgrugerru,rlemarchandu@gmpg.org,qidQ6JPH,SA,5319858252,2784927063,11/05/2022,19/02/2022
32,dgethingsv,mmawdsleyv@parallels.com,HFBF2Cj8cQQ,DA,5380436498,4292310773,09/11/2021,26/01/2022
33,hshowerw,mslaytonw@ucoz.ru,rrq3DRAT,BA,5302487999,3123408140,19/04/2022,23/06/2021
34,djakubovicsx,yschukertx@netscape.com,Zp4fzSVyZfQ,V,5345496231,5402224226,27/11/2021,25/04/2022
35,lhainsy,aglenny@auda.org.au,2rIaX0Xqjq,D,5320968535,9037409964,06/03/2022,28/11/2021
36,idevoielsz,nskermanz@about.com,dLIUUfOG,V,5313838104,4854738161,10/02/2022,27/11/2021
37,ahotson10,hhalfpenny10@nhs.uk,yOdmiohH8,D,5378625024,6893121778,15/07/2021,08/05/2022
38,szelake11,dpickett11@fc2.com,1JibQTGDtn2,D,5359925420,6384354934,25/10/2021,26/08/2021
39,wbodham12,dcolson12@list-manage.com,UwzszN2I1V,BA,5377026609,0691289252,13/06/2021,23/04/2022
40,bsidlow13,wbeauchamp13@unblog.fr,uydgT2m5FB,B,5372489324,5823033318,12/07/2021,28/08/2021
41,aaprahamian14,ynewart14@vkontakte.ru,usHoP43H3zq,B,5343479698,1937668371,12/02/2022,07/06/2022
42,ltowhey15,akewzick15@utexas.edu,URYesT,D,5383451242,6417170127,15/07/2021,27/08/2021
43,gstiegars16,asigart16@github.io,KhuptFTbI,D,5395978873,3722182681,31/07/2021,05/12/2021
44,smcquaide17,mslator17@google.ru,TxqSjke,V,5321433925,1072436754,29/06/2021,10/08/2021
45,gbwye18,jrouch18@moonfruit.com,WDyUO16zPp,VA,5366744650,9814671065,25/12/2021,01/10/2021
46,cshyres19,dsmidmore19@nytimes.com,2oNBUxlI,DA,5353137272,4508362042,05/02/2022,11/08/2021
47,ksteutly1a,nwhitley1a@census.gov,hH26i4z9RF,BA,5365787606,3973085396,15/10/2021,23/04/2022
48,ieudall1b,mlossman1b@cbslocal.com,NZR7pE,D,5337377762,6500530238,08/01/2022,09/07/2021
49,sbelle1c,rphillimore1c@surveymonkey.com,G6ZdSU6aj7,D,5388873465,6646530071,27/01/2022,25/08/2021
50,cmion1d,nomullane1d@europa.eu,ej6zWf,BA,5357479496,3149828548,22/03/2022,06/02/2022
51,hbeaconsall1e,mserginson1e@xrea.com,Yb560qcn,D,5300001884,4146959468,03/12/2021,02/02/2022
52,mduggen1f,gcarbery1f@1und1.de,OkyzXF,D,5382818077,6569965607,24/02/2022,14/03/2022
53,tmontel1g,vchesson1g@bloglines.com,kTkfReAb,D,5357900310,9526654693,01/09/2021,18/08/2021
54,eionnisian1h,rgillmore1h@free.fr,qDpo0YT8C,DA,5385421261,0949687702,30/01/2022,16/02/2022
55,pblood1i,lpacht1i@eventbrite.com,R1WvzxaR4fh,D,5332544704,0439226308,26/06/2021,13/06/2021
56,gwhiteland1j,fprayer1j@is.gd,lKHVMDpDR,BA,5374900974,0254394084,13/04/2022,15/06/2021
57,etacker1k,earnott1k@g.co,99u1LMfIW9S,DA,5375769999,3278990111,06/06/2022,30/07/2021
58,dcolles1l,cgozney1l@nbcnews.com,YnbTgWK,D,5380123752,0082789205,12/05/2022,19/11/2021
59,tstillman1m,wbeney1m@hexun.com,V6zQTb3lihwZ,DA,5372232141,1886382534,04/06/2022,05/11/2021
60,xandreasen1n,ubackshaw1n@nih.gov,CpbIHKXuF,VA,5375970667,7890082926,01/07/2021,28/10/2021
61,mmerricks1o,ssillis1o@miibeian.gov.cn,PqbkO0hqes0,BA,5321753125,9629790805,15/06/2021,11/02/2022
62,wfanshaw1p,jharnes1p@nps.gov,p1KPkyV939rI,V,5302131148,0606117179,20/01/2022,27/01/2022
63,tneath1q,serskin1q@nytimes.com,Mpm1qdRH,DA,5365839929,3463678668,19/03/2022,20/04/2022
64,katheis1r,gbloschke1r@qq.com,IhMdM9,BA,5398308608,4791520520,30/05/2022,06/07/2021
65,jchetwind1s,csquires1s@joomla.org,ZmL8xKJP8y4L,D,5360584361,0490193727,24/02/2022,24/11/2021
66,ccarefull1t,ipaladino1t@vistaprint.com,ZDwholom,D,5398645106,5960950556,28/12/2021,18/03/2022
67,mzumfelde1u,tmartello1u@ning.com,YOvT6ypmLa2z,D,5381114945,3371740412,27/01/2022,09/12/2021
68,nmissenden1v,apoulton1v@samsung.com,QXtzWxgyAbV,DA,5335148441,9071166496,29/01/2022,03/05/2022
69,lgrigson1w,gmcilwraith1w@furl.net,nhwcX6Edx,B,5382208518,0525157026,08/06/2022,05/09/2021
70,vvanderplas1x,cduignan1x@opensource.org,oIq5MZRSRa,BA,5360655315,9188619642,27/11/2021,07/05/2022
71,pmarmion1y,rbunclark1y@privacy.gov.au,gs7gllMAS4,D,5388149190,2748080559,13/02/2022,23/06/2021
72,kcuddehy1z,gtape1z@adobe.com,BTWC3tsC3,D,5366524220,3804611679,14/02/2022,22/01/2022
73,kkupke20,mvakhrushev20@pinterest.com,hbWTE97uwTN,VA,5342819569,7532265260,26/06/2021,14/05/2022
74,iohallihane21,cleconte21@t-online.de,1YhPto,D,5338366640,3016120576,31/12/2021,30/11/2021
75,kgoold22,msmalman22@fastcompany.com,eM3bpZno6W,DA,5379423058,7770611634,12/01/2022,28/01/2022
76,mwoolerton23,dmaddick23@mapquest.com,JFOxvMdSVD,D,5380923260,1206786473,19/09/2021,09/12/2021
77,shaddinton24,ifontell24@upenn.edu,rJEaFx,DA,5309383064,6454134839,31/10/2021,06/08/2021
78,htellenbach25,kbullock25@nba.com,vebUo2fvYK,DA,5315874033,0809014602,19/06/2021,12/04/2022
79,jodonovan26,nmanneville26@google.de,QhfFKiu,B,5319811850,8216434879,25/06/2021,07/01/2022
80,xcausier27,gkittoe27@marriott.com,cYwww2nPg,DA,5336384420,6755141001,08/05/2022,01/11/2021
81,dpitrasso28,sklimentyonok28@cdc.gov,3K4SgDDdvAr,DA,5353169932,5002240644,24/05/2022,22/06/2021
82,growlett29,csagerson29@ucoz.com,tjaFQc6a,BA,5347886357,8897975153,09/10/2021,03/11/2021
83,dnoden2a,raickin2a@accuweather.com,XoTCf9it,BA,5379993479,4272940575,10/10/2021,23/08/2021
84,eflexman2b,akurdani2b@com.com,fKUefwrX8bwv,BA,5365366980,0525321042,14/11/2021,18/08/2021
85,jnavarre2c,llatorre2c@printfriendly.com,l8Z8sq,D,5313088136,9987615301,09/04/2022,23/08/2021
86,obrickwood2d,abraham2d@squidoo.com,96JYaJ4c,D,5319079880,6991023018,18/09/2021,09/05/2022
87,sdedenham2e,dcoda2e@typepad.com,AZjsNU820OU,D,5390527572,5315668131,25/04/2022,09/09/2021
88,cpressman2f,cwrout2f@npr.org,MdfS40ILt,D,5332503443,2363277285,31/10/2021,20/05/2022
89,moslar2g,slendrem2g@wunderground.com,w5JIj8h,D,5347394063,3066942682,06/11/2021,07/10/2021
90,bpantlin2h,dwithers2h@msn.com,PKNzYHd5ZS8,SA,5381513414,3736731104,07/10/2021,25/09/2021
91,sdrains2i,jferriby2i@linkedin.com,hcqOZBJ,BA,5391518688,1474941392,14/01/2022,18/09/2021
92,nbreydin2j,drohlfing2j@ca.gov,imn7oHAB,D,5369902651,2632875674,11/01/2022,06/04/2022
93,kfarndon2k,wcurtoys2k@washingtonpost.com,scrICdeHt,D,5398573790,4434658947,21/09/2021,24/08/2021
94,ntalboy2l,bhunnaball2l@drupal.org,kb35j1sru,B,5336103829,6275221731,23/02/2022,03/11/2021
95,fenriquez2m,jdinning2m@desdev.cn,UpdEuylenIs,BA,5328711680,0775270401,24/06/2021,06/05/2022
96,scourson2n,mweben2n@ucoz.com,PMrLTYpRE,D,5363947907,9145857252,05/09/2021,27/02/2022
97,bhachette2o,eahlf2o@nytimes.com,IrhviVRCEnX,DA,5357341016,4356645108,08/04/2022,05/05/2022
98,jghilks2p,cradclyffe2p@bing.com,Qa892XSPGtDj,DA,5308891004,9844261267,02/06/2022,09/07/2021
99,jlawlan2q,tgoggin2q@yale.edu,Wnsl4Hm,D,5359324633,5580542353,04/02/2022,21/04/2022
100,ytoolan2r,hfifoot2r@ibm.com,hmpHAwzmHmY,D,5384601512,7039348413,23/06/2021,16/03/2022
101,srobart2s,haubrun2s@craigslist.org,BXUnEmfGxg,D,5390451900,6182483899,12/03/2022,19/02/2022
102,swagen2t,stellenbrook2t@cbc.ca,IxKUupS,BA,5363264331,8882599609,23/01/2022,20/03/2022
103,owinks2u,nmathey2u@twitpic.com,idIUjOnzXXO,DA,5325827845,0291211342,08/02/2022,28/05/2022
104,dhughlin2v,brumbelow2v@cpanel.net,MMtyBC,D,5318983325,8375522205,03/04/2022,03/07/2021
105,lricciardelli2w,ymartinets2w@baidu.com,uAG8uXJreRj,DA,5359401471,0802883274,16/03/2022,23/01/2022
106,wbebis2x,awilstead2x@un.org,xavzXq3WRrt,DA,5305974431,3503474690,07/06/2022,21/06/2021
107,njanc2y,mbatter2y@typepad.com,HF2DVguN,D,5340010788,8100969122,24/04/2022,15/12/2021
108,pcollum2z,eraubenheim2z@clickbank.net,CBEBpZRq,VA,5388133670,0482278580,15/05/2022,06/02/2022
109,scadlock30,hkinrade30@flickr.com,a9uMpK,D,5335570848,0734453220,21/01/2022,07/04/2022
110,likins31,mcrates31@weather.com,Z3Wj4viAvSy,D,5349591243,3444464276,31/05/2022,14/04/2022
111,gswinglehurst32,jsmolan32@home.pl,1GDCNxW,DA,5382011147,1426381458,02/06/2022,02/09/2021
112,dalvarado33,mdevere33@disqus.com,RmYPbm92TiWM,D,5395833921,3283569254,30/03/2022,30/08/2021
113,hgeale34,acleaton34@nyu.edu,3TAgCEfL,D,5364349209,8896724177,19/01/2022,16/03/2022
114,aarmour35,bdashper35@walmart.com,KdOgFP6Be2kg,DA,5314323576,3477920497,24/12/2021,03/11/2021
115,gcraythorn36,msebring36@google.ru,HvWjsZ,B,5350331082,0413833868,18/12/2021,12/11/2021
116,bgirodin37,dponcet37@foxnews.com,nGbNW3,BA,5358175143,3810452540,06/04/2022,27/03/2022
117,lmeert38,gpeasnone38@smugmug.com,7BbrjkZF,B,5325373021,5887721991,04/03/2022,03/07/2021
118,kpearn39,jarias39@hp.com,XT7qAOHTZ,D,5381394890,5318994065,23/04/2022,13/04/2022
119,kgosalvez3a,umarrow3a@issuu.com,we6EJssEnEQ,DA,5366302181,4420076769,18/03/2022,29/05/2022
120,kalves3b,tgallone3b@patch.com,xUa5u3T7rd,D,5353604830,1046957587,26/03/2022,06/08/2021
121,lmckerlie3c,egordon3c@walmart.com,CdxjiUfR,DA,5366009484,4453586747,21/08/2021,23/05/2022
122,hpynn3d,hstoddart3d@census.gov,ZIKfDCsNy,DA,5304159073,5160169781,24/01/2022,17/05/2022
123,tquesne3e,gmcelroy3e@vinaora.com,1nbI0loM,DA,5305388454,4335316512,30/04/2022,28/04/2022
124,sohagirtie3f,aboriston3f@geocities.com,ByP7Hno,DA,5340552869,1518380706,24/10/2021,14/01/2022
125,nhendonson3g,athreadgall3g@opensource.org,Ui4O6gfrdeuc,B,5353378474,6583258735,20/04/2022,16/05/2022
126,sbushell3h,mgravet3h@de.vu,SCItqQrMCn4M,BA,5320235528,5988287526,08/03/2022,09/05/2022
127,cscotchmur3i,cgisby3i@businesswire.com,bi4XIx,D,5383486932,6443490695,17/08/2021,27/12/2021
128,tblaxley3j,gcattemull3j@altervista.org,spgwyoqF,D,5360946549,1757369276,01/04/2022,06/10/2021
129,cslyde3k,ravrahamian3k@altervista.org,umgZsVPgyv,D,5394879953,4459797904,06/02/2022,16/04/2022
130,bspalton3l,jhalliday3l@dell.com,qMxW79,D,5305060259,1249753275,16/05/2022,25/04/2022
131,dwillard3m,bcopcott3m@ibm.com,OGhHgunSHl,V,5372860937,7814704754,16/05/2022,06/04/2022
132,rummfrey3n,adagnall3n@tripadvisor.com,dfpNVNI,D,5316648607,8990779454,31/08/2021,07/09/2021
133,rtreby3o,gsoall3o@etsy.com,3JApCV,D,5385603809,5934106827,03/11/2021,22/01/2022
134,wdurling3p,rdibdall3p@blogtalkradio.com,rhENczd0U,D,5326895454,1067650006,20/04/2022,03/07/2021
135,gbolf3q,kpevie3q@pbs.org,4xmzjN,DA,5314276967,3786831932,13/12/2021,30/04/2022
136,ilearoyde3r,shynd3r@acquirethisname.com,VUYpdGC35ug,D,5390493324,7970827210,20/12/2021,02/11/2021
137,obowller3s,bewins3s@soundcloud.com,wk2qlFXaSb,D,5385514599,7195089241,05/11/2021,24/10/2021
138,ehartright3t,lrambaut3t@pen.io,Sna1mtU,D,5349314805,1987564103,11/09/2021,26/06/2021
139,cgenthner3u,rmacey3u@state.tx.us,JcQgy8,D,5373281089,7044495001,21/01/2022,04/08/2021
140,agierek3v,wtryhorn3v@aboutads.info,LFyvmSFi51,B,5308344969,1049238340,28/10/2021,14/08/2021
141,fjoscelyne3w,opentelow3w@engadget.com,6QkTjf80NR,DA,5390818221,2297719790,19/10/2021,15/08/2021
142,cbatchellor3x,cmatthiesen3x@addthis.com,S1HQNgh431,D,5315030340,3993299934,29/12/2021,13/10/2021
143,gwoofinden3y,mrobins3y@usatoday.com,6ii0HoUF,B,5398618045,5248793124,28/05/2022,18/12/2021
144,atupman3z,mtoffolini3z@blogspot.com,CinJGRJy,DA,5359592770,4032559671,11/04/2022,27/08/2021
145,hodby40,rdouglas40@wisc.edu,YMt4MgBEJk,BA,5322349674,7847672451,30/04/2022,01/09/2021
146,ycoleyshaw41,gcatherall41@mayoclinic.com,5sBJMvQ9,D,5340904131,0424767722,02/09/2021,27/01/2022
147,gscantleberry42,mbradick42@usgs.gov,4E0ZSLknTlMR,D,5346013869,5017553186,07/01/2022,03/08/2021
148,upatemore43,cmcgeown43@geocities.com,Lt2vafuQ,DA,5350134640,7831473035,06/09/2021,02/07/2021
149,ogoodburn44,tkyttor44@dagondesign.com,iDippiYi,BA,5327843640,7944340908,11/06/2022,29/11/2021
150,hgiroldi45,sschwandermann45@amazon.de,NJkc7w,B,5357117751,9597917616,06/12/2021,12/02/2022
151,mruane46,ayare46@independent.co.uk,tdHpO0j,DA,5335666178,5635519022,06/03/2022,03/07/2021
152,tdaventry47,iloggie47@icio.us,lrjJDhq1uyLx,DA,5339661132,7281149068,13/06/2021,23/09/2021
153,mgingedale48,lmattingley48@bbc.co.uk,Q6PqcIM,DA,5341488885,1577751049,11/08/2021,10/05/2022
154,jlantoph49,zhaill49@cdbaby.com,F07bZLAv0g4t,D,5325467054,5912196827,07/07/2021,02/01/2022
155,akinner4a,nwint4a@imageshack.us,xWR2vJNryelQ,B,5324381641,4053234845,27/12/2021,18/10/2021
156,apaddingdon4b,cgherardesci4b@phpbb.com,oayuGHIFIx,D,5358965015,2387563965,31/08/2021,18/09/2021
157,vscurlock4c,mcoare4c@webnode.com,zcaDqMKb4wME,BA,5306836078,4581178164,29/08/2021,06/07/2021
158,gbotterell4d,cdimbleby4d@census.gov,XzRenNTKzTzR,DA,5314534515,8531580129,31/07/2021,03/09/2021
159,jdennitts4e,eboniface4e@nih.gov,Dz9OkO94Wpex,DA,5303625106,4141419968,25/02/2022,08/12/2021
160,blindro4f,wboome4f@va.gov,WufKufoqMFQ,DA,5310440526,9758640073,15/11/2021,02/11/2021
161,monge4g,hcuel4g@ca.gov,O08afg,B,5355656507,0525491864,03/12/2021,27/05/2022
162,dfortune4h,sbrumpton4h@technorati.com,Er3mrm,B,5301301651,7294919230,27/03/2022,26/03/2022
163,ateare4i,edowman4i@intel.com,mxUEjmRWzr,D,5366779975,1899047844,12/12/2021,24/12/2021
164,abrisker4j,ecrosskill4j@blogs.com,vJZMXz,D,5329609966,1364397566,07/06/2022,04/08/2021
165,djedrzejczak4k,kfigin4k@sourceforge.net,jDMFffvGUV37,D,5301034682,4724515679,21/03/2022,30/12/2021
166,wspawton4l,wrubbert4l@posterous.com,Iqj5qvICsSOT,D,5325683361,2436017530,14/11/2021,07/11/2021
167,vmacquire4m,aallchin4m@goo.ne.jp,JTYQjFsthMJ,B,5344703525,9393834675,06/10/2021,24/06/2021
168,bhusband4n,vnisius4n@cloudflare.com,f8U5Pp1BV,VA,5329392479,7076721743,23/02/2022,02/03/2022
169,mdeacock4o,thawley4o@msu.edu,Z56z9y3ZMS,B,5345722009,6858926726,23/01/2022,30/10/2021
170,tcoughtrey4p,ksapsford4p@yellowpages.com,zYHhTP5I3W9,D,5327866967,9771714230,02/12/2021,02/06/2022
171,tyakobovicz4q,cellingworth4q@archive.org,Ha1VZL,V,5375383142,4938047205,02/05/2022,06/10/2021
172,ezanneli4r,tdouble4r@epa.gov,478nBWQ,DA,5345402932,6840671414,26/06/2021,24/01/2022
173,fwestraw4s,nheiton4s@auda.org.au,liL5HRuxgpC,V,5392543740,8508304116,23/09/2021,27/10/2021
174,dchoke4t,zdunsire4t@canalblog.com,iHZuWiDc,D,5308972773,1807503004,25/07/2021,20/02/2022
175,nreding4u,fdeane4u@theglobeandmail.com,TyZFJHFr4jj,D,5364606126,4289072359,18/02/2022,19/10/2021
176,mmclanachan4v,sgaiford4v@sciencedaily.com,bZtfA8VEFN,DA,5392487353,0171459532,27/11/2021,02/01/2022
177,kdrewclifton4w,nmohamed4w@live.com,gqtUxS1X,DA,5330862530,4346600965,28/02/2022,04/11/2021
178,gsantori4x,lvasyutichev4x@goodreads.com,7HAvWkeVRc,D,5380609519,2109404350,30/04/2022,16/05/2022
179,apetrashov4y,eoscroft4y@dion.ne.jp,bvgl5T3cNaR8,B,5317595999,9868752438,16/09/2021,07/10/2021
180,cwattinham4z,fweetch4z@seesaa.net,abGUSnM,D,5327624852,7818004353,25/11/2021,02/11/2021
181,iplows50,cfeetham50@sourceforge.net,YWADQhpbpqPy,D,5347419045,7242908223,08/02/2022,01/05/2022
182,jsaddington51,imassow51@etsy.com,BTBy2dh8,DA,5320977083,5099594150,24/12/2021,21/10/2021
183,cmuirden52,pmylan52@buzzfeed.com,nagoqySxB,D,5366828180,4965736090,22/10/2021,19/07/2021
184,cemerton53,mloftin53@furl.net,eJXtiu,DA,5371333138,1615537253,15/01/2022,19/11/2021
185,ddaber54,wide54@wikia.com,BPFRj2MDe,BA,5394043319,3325389225,26/08/2021,09/01/2022
186,edymick55,wforryan55@bloomberg.com,jy7wyq8WKco,D,5315641776,4761469333,23/02/2022,24/08/2021
187,mlimon56,zdaborn56@sogou.com,BJrDKN3xii,VA,5348655164,3735112956,16/06/2021,30/06/2021
188,ncrawford57,lpoacher57@cargocollective.com,WPRssyW3,D,5375128871,9535631411,12/07/2021,19/01/2022
189,lmcvey58,amattielli58@upenn.edu,3z35Ar,D,5385335767,6037727179,09/07/2021,11/05/2022
190,amomford59,lwarters59@youku.com,1vvSCcUyKvZm,D,5395098885,0861046772,07/09/2021,01/09/2021
191,eclay5a,ahalleybone5a@cnbc.com,iiNWrmQFB,D,5326797577,3971974987,04/02/2022,25/12/2021
192,cwhieldon5b,mmason5b@dailymotion.com,jku1H2N,DA,5308764920,4963472584,15/07/2021,08/06/2022
193,nfluger5c,mhadwick5c@answers.com,dUqA0UF,DA,5309561149,7443224020,02/06/2022,17/09/2021
194,rgeeves5d,cclemetts5d@bloglovin.com,WhV7sHsw7Sn1,D,5312196600,3204267588,28/03/2022,04/01/2022
195,ctynnan5e,dwillsmore5e@baidu.com,POzXWj,D,5397934633,2381391411,15/12/2021,06/06/2022
196,cdabbes5f,jdeplacido5f@lulu.com,lHSCs6,DA,5312410166,6103844118,26/08/2021,14/01/2022
197,erathjen5g,gploughwright5g@bbb.org,3Rnv2ND4bhbr,D,5323070810,6170710572,27/05/2022,14/11/2021
198,bkauffman5h,cbarkus5h@google.co.jp,1Fa9YI06mM,D,5320014807,0953532722,09/10/2021,31/12/2021
199,epieper5i,mmchirrie5i@uol.com.br,grkniP6,D,5337157817,6919109422,13/08/2021,17/10/2021
200,kmeadway5j,ntreweek5j@ovh.net,gFEmp6BHfH,BA,5362891673,7492845173,15/02/2022,01/06/2022
201,tlanegran5k,sstonner5k@exblog.jp,ba2Vf8yVzQe,D,5303059066,4646715135,21/03/2022,08/06/2022
202,jkennsley5l,rwhittier5l@cpanel.net,BvBCd81Q5Trg,D,5393493898,0097478839,05/10/2021,14/07/2021
203,vberntssen5m,sdanihel5m@histats.com,WZhV2Dd4ZyV,DA,5383107867,7384314399,24/03/2022,17/10/2021
204,disaacson5n,jlittlepage5n@uiuc.edu,kF3Mk78DlT,D,5368248921,8490591920,15/07/2021,17/12/2021
205,rpetche5o,nzupone5o@free.fr,vFiUAABB8bZb,D,5315017225,5131249856,03/12/2021,17/07/2021
206,callnatt5p,cgilhouley5p@canalblog.com,dGw5wL1,D,5366265973,9850976243,09/04/2022,13/01/2022
207,tshipway5q,lheal5q@miitbeian.gov.cn,q74CaTpNW,DA,5375968329,8940067935,17/04/2022,21/04/2022
208,maronov5r,grefford5r@ning.com,g3rKD9,D,5311937637,4570222144,07/05/2022,24/07/2021
209,rkinsella5s,rgirauld5s@telegraph.co.uk,QAYCBRH7R,SA,5329304594,2899869577,24/05/2022,01/05/2022
210,ccottu5t,ohousam5t@slate.com,Uxqotf,B,5340921140,4365670589,14/01/2022,05/02/2022
211,jmcsparran5u,rbramford5u@topsy.com,eP36mjJ,D,5341036366,8332854004,07/04/2022,30/03/2022
212,weyers5v,gmazonowicz5v@t-online.de,Xmw4R5fFyJA,D,5331886634,9421342214,06/09/2021,04/06/2022
213,dwatford5w,apardue5w@facebook.com,di0dttf8Z,D,5321389587,9442877387,15/08/2021,29/05/2022
214,cgarner5x,lmilch5x@i2i.jp,B8Fi4GgTm28P,D,5349464859,0832768389,28/12/2021,25/06/2021
215,ccogan5y,plightollers5y@google.es,5wZ4W2kmo7Zu,DA,5321071364,8122365932,16/06/2021,17/03/2022
216,kgatherell5z,sprovost5z@yahoo.com,ULAXYXL,BA,5391870498,0122768974,22/03/2022,28/03/2022
217,cgodilington60,bensley60@examiner.com,3XjbaOmJc47b,D,5375324553,4097739227,01/12/2021,25/12/2021
218,jcutten61,mkegan61@nydailynews.com,T3nYbci,DA,5303989441,0583300428,04/04/2022,05/12/2021
219,cmattke62,hjuanico62@360.cn,v75LgOQzDr,D,5310798677,6097584975,25/03/2022,21/07/2021
220,gsebley63,bswann63@mail.ru,f4QusBKtA,B,5374789613,8078570688,15/08/2021,05/06/2022
221,jvlasenko64,tmcdonagh64@macromedia.com,dWBjvr8kJMW,D,5334469502,8223331333,05/10/2021,14/07/2021
222,telves65,mgriston65@nymag.com,xj1QlhdlkMdu,D,5389856038,1402375479,25/01/2022,04/02/2022
223,nstudman66,mredpath66@buzzfeed.com,Cy86iqjbZPf,D,5325373283,6137340718,19/03/2022,01/08/2021
224,cfears67,ncella67@apple.com,K9LiyELwRoQ1,D,5373767100,4348121560,13/07/2021,10/07/2021
225,bcranshaw68,kmollatt68@example.com,521qt06Mvi,DA,5301070243,5842180663,19/06/2021,02/03/2022
226,cdysart69,jfittes69@howstuffworks.com,y9K9jBKC0W,D,5388333143,3313217468,10/02/2022,25/12/2021
227,ejosephi6a,jwitham6a@people.com.cn,ih5WDT4Qw,D,5313482386,9026948282,06/11/2021,08/02/2022
228,olack6b,sberford6b@springer.com,9toWwlUjD9Yj,D,5369480289,8431515152,15/07/2021,09/02/2022
229,vpoile6c,hschuster6c@discovery.com,fOwMN3lHTNVI,D,5358264975,8484494948,09/02/2022,29/05/2022
230,gboole6d,rnordass6d@census.gov,F7Z5QVvv,DA,5378639612,1651042696,11/04/2022,21/11/2021
231,kgladwell6e,fflintoff6e@sbwire.com,cnBCT1vt6,BA,5396569447,4363265799,23/02/2022,02/12/2021
232,bsanham6f,hnornasell6f@microsoft.com,sgqcdve2LMy,D,5310671122,0485322509,04/02/2022,16/06/2021
233,tofeeny6g,aliebmann6g@tuttocitta.it,iy9zOPqOu,D,5356968985,0792879676,18/10/2021,08/10/2021
234,wroiz6h,baers6h@sphinn.com,QiKzp4f,D,5364036563,8287352491,31/05/2022,27/08/2021
235,glennie6i,mhurler6i@blog.com,1SD61k,D,5338225359,2131494917,18/12/2021,11/03/2022
236,besome6j,mkingsnorth6j@google.com,Zdggz5L,V,5321675191,8085358771,09/07/2021,04/09/2021
237,vmellanby6k,gvasyuchov6k@mediafire.com,pM9TfOS,D,5315527073,6949567335,04/12/2021,29/12/2021
238,rschwand6l,laucutt6l@freewebs.com,iHQlWR3J,BA,5353988625,4098814298,04/07/2021,30/09/2021
239,aderle6m,ngrog6m@github.com,tK1I1B,BA,5354447579,9764002406,01/08/2021,26/08/2021
240,mbinnell6n,rcathrae6n@printfriendly.com,JVu7rVZscB,D,5314366049,5646276803,11/05/2022,01/06/2022
241,leggar6o,ebulluck6o@soup.io,69LJB2PZS9g,SA,5359493947,2441483203,13/02/2022,29/04/2022
242,zdevine6p,mjanauschek6p@shutterfly.com,J65AwKz,D,5366737896,2805425610,26/02/2022,01/07/2021
243,cshorie6q,gkendrew6q@bandcamp.com,KLpQyc6U,D,5383456011,9059060953,22/10/2021,11/08/2021
244,eyurocjhin6r,ppolkinghorne6r@printfriendly.com,7I93YQn9g,DA,5350344622,2017268548,09/12/2021,02/11/2021
245,svenable6s,rboncore6s@addthis.com,ikZQRLz,D,5307985313,3780336063,09/08/2021,23/10/2021
246,bcastellini6t,bsuttell6t@angelfire.com,IGN46wdqZSIn,DA,5379907401,5418134721,25/10/2021,01/09/2021
247,lhallward6u,pwymer6u@yolasite.com,bDgiUE,D,5385050116,5418459757,11/07/2021,20/02/2022
248,bfarre6v,mpetrecz6v@netlog.com,4ZoQQHkJS,D,5365363638,2709103859,22/10/2021,12/09/2021
249,cjaskowicz6w,giacavone6w@exblog.jp,0myKqUUt,D,5332892158,6400267824,23/04/2022,29/06/2021
250,hburehill6x,mbachura6x@webs.com,KcP393,D,5375685315,0204823591,03/03/2022,24/09/2021
251,adench6y,dpeasegood6y@wordpress.com,QIgbyUpzl,D,5330584941,6557730690,29/12/2021,13/10/2021
252,mpurshouse6z,pbeatson6z@gizmodo.com,9SFFoZ1OpE5e,D,5391857492,9017472321,11/12/2021,04/06/2022
253,byaldren70,tpagett70@aboutads.info,FtP91S5zLWTa,D,5374606794,8346863851,06/05/2022,05/08/2021
254,wredshaw71,bbrilon71@github.com,8uqdeuJdFR,B,5391251434,6709516455,07/10/2021,13/03/2022
255,mheald72,ostonhewer72@digg.com,wgIozJdG16I,DA,5318125153,9844557389,16/06/2021,27/09/2021
256,ttalby73,rmartijn73@prnewswire.com,qvcwJay8iMy,DA,5322267310,3109978644,06/05/2022,28/01/2022
257,hchantler74,lliccardo74@arstechnica.com,6FFZBkD3okc,DA,5309963047,9983489009,26/03/2022,09/03/2022
258,jfynes75,sgolley75@1688.com,bs8SjYWVhWD,D,5326189673,8855419593,20/12/2021,05/04/2022
259,ebrailey76,aweedall76@unesco.org,47tCLB0KCEU,D,5327214029,8292118459,18/01/2022,12/11/2021
260,ddreghorn77,tmccheyne77@infoseek.co.jp,2WUMPtNshF,DA,5311285572,1929614628,03/12/2021,25/10/2021
261,ehands78,smcbrier78@cloudflare.com,nI586W6MRSPU,D,5342647948,9138499651,28/01/2022,02/05/2022
262,lionnidis79,bgoodlatt79@elpais.com,qhhnwbCJYg,D,5395491148,8073255907,09/05/2022,28/04/2022
263,cadamovitch7a,cquiddinton7a@bbb.org,lBSTZcRC9G0v,D,5329610574,2700138484,28/11/2021,07/06/2022
264,efrede7b,dvatini7b@sourceforge.net,6qgyFiS7J,D,5375198206,0528120797,07/09/2021,29/06/2021
265,fsmorthit7c,snourse7c@google.it,J8QiWOX,D,5315272054,2679479196,09/06/2022,03/01/2022
266,lhaney7d,hmagog7d@squidoo.com,u8VqlVFR7fK,BA,5334956898,5009682735,27/08/2021,11/10/2021
267,kfrayling7e,obertwistle7e@mail.ru,iICnBDzY1,DA,5390569778,0812599338,09/12/2021,25/11/2021
268,wkirvell7f,atuffey7f@virginia.edu,ic2KJO6hXveS,BA,5311208981,3194551850,01/09/2021,24/03/2022
269,smichelle7g,kendon7g@jalbum.net,Bxr9RBpIqBRs,V,5300654739,2619438735,16/03/2022,27/04/2022
270,akleinplac7h,gguillot7h@scribd.com,dHISplLTnsH,DA,5354274168,9230388086,23/10/2021,31/12/2021
271,jbloxsom7i,kortet7i@npr.org,LUuKCVf2,D,5314640720,5053149362,04/01/2022,06/05/2022
272,jcardenas7j,scordery7j@about.com,aRUwD8U,D,5310401537,6109441936,28/07/2021,23/01/2022
273,nbilt7k,tsheldrick7k@yellowbook.com,R3PArxCVWd,BA,5307652075,0156177891,01/06/2022,07/10/2021
274,mharby7l,rhaddow7l@stumbleupon.com,jhZfWL5D,DA,5361390938,4820102839,30/06/2021,07/12/2021
275,btetla7m,skippins7m@deviantart.com,lb0YVd2gP,D,5355399657,4835791593,30/07/2021,28/06/2021
276,lobrogan7n,ahearnden7n@yolasite.com,twn0Tk0thS3B,DA,5304766125,0158621680,22/12/2021,25/07/2021
277,rjurgen7o,hbonwell7o@mapquest.com,BFoKxQgqD,DA,5366805799,0825151061,07/05/2022,27/03/2022
278,bbeckingham7p,esaywell7p@who.int,AapufGp,DA,5323096374,7903587625,22/12/2021,26/09/2021
279,bdixcey7q,caukland7q@paginegialle.it,bwCnfsNnf0,D,5362989702,2241206096,05/12/2021,01/05/2022
280,joldrey7r,hbratten7r@bbc.co.uk,CjXlIfy9M2ST,DA,5339134527,6834864006,09/11/2021,25/09/2021
281,cpitson7s,dsnellman7s@mac.com,aHAqlJ,D,5373982496,2695136535,25/10/2021,09/11/2021
282,bweavill7t,rdenver7t@gmpg.org,mlMBYitrb4e,B,5326795926,0878803826,23/07/2021,04/07/2021
283,tbeaston7u,jkensington7u@youku.com,YXb0qnz,DA,5345939568,9974476575,22/02/2022,12/11/2021
284,edowdle7v,vstock7v@webs.com,bHJBr63Q,D,5369493618,5556989045,26/11/2021,12/10/2021
285,jrapper7w,tgoodwin7w@icio.us,nhYr2Vk,DA,5385176091,6418118140,25/02/2022,26/05/2022
286,gpoolman7x,cblackhurst7x@house.gov,HyDclvPhb,D,5363907970,6141462838,04/10/2021,18/02/2022
287,rsullly7y,vrosewell7y@google.ca,9ogCeIoaLsSf,D,5399482060,1070193554,23/02/2022,06/04/2022
288,bforrestall7z,fhoy7z@live.com,kNllFX,BA,5301167889,2682175733,20/12/2021,29/04/2022
289,jwilby80,raltimas80@blogger.com,7UvOVSA,D,5369139066,5305713691,10/05/2022,20/09/2021
290,adorre81,datwater81@studiopress.com,5tfbBh,D,5329915448,8381678610,23/01/2022,17/03/2022
291,kdunbobbin82,askelhorn82@dot.gov,we73lPzyX,D,5340326674,4067836059,07/10/2021,12/11/2021
292,bkiffe83,nmckeown83@slashdot.org,4lggewquSdG,BA,5368798590,8488957220,25/06/2021,20/07/2021
293,ehulkes84,krotchell84@latimes.com,lIT1A5vOSiJ,DA,5392892610,1462798936,06/11/2021,22/11/2021
294,sdumphrey85,dprophet85@columbia.edu,okHzOuZ5mUaf,BA,5326519944,5857794337,24/05/2022,18/04/2022
295,bcudbird86,ndoles86@weather.com,1NTJ9X0GmcN5,DA,5336673276,3752187336,16/01/2022,24/10/2021
296,dhaw87,mfairhead87@amazon.com,JNEeaoz,D,5363281531,8301284550,01/05/2022,09/03/2022
297,mcutmare88,ddelves88@ask.com,TETuPk,D,5337568639,1415226488,18/01/2022,23/04/2022
298,mbattell89,lgebbie89@wikispaces.com,IRWBBF,D,5329820096,5110643653,24/04/2022,28/05/2022
299,kjiri8a,lbrugemann8a@jigsy.com,55Rs4hwDEiR,D,5312052510,5241960836,15/02/2022,28/01/2022
300,pcrowder8b,acoope8b@nationalgeographic.com,kWffpNlZ6j,D,5331627232,1739327091,11/12/2021,12/08/2021
301,jprendiville8c,smaccallester8c@ovh.net,zc8jzn1nC,DA,5376258830,9318301178,29/05/2022,18/12/2021
302,lhudspith8d,bmeckiff8d@naver.com,d3y601onQ9,BA,5352291702,2862155826,20/11/2021,15/08/2021
303,lspritt8e,lbrighty8e@japanpost.jp,dF2hLAdM3ce,D,5357748498,9295870506,22/04/2022,13/11/2021
304,lreekie8f,fsuggett8f@china.com.cn,JEn5Pr,D,5301044869,3246083866,15/03/2022,16/09/2021
305,rtregear8g,lbeddall8g@google.es,ltQxr8k,DA,5374096009,3432003731,13/05/2022,22/04/2022
306,tmurtimer8h,afoulstone8h@arizona.edu,HOqQOqysWaa,VA,5379834213,1971288939,24/09/2021,21/06/2021
307,mforsdicke8i,oledamun8i@dropbox.com,XOcK3WTWFWe,D,5369461267,1602769293,04/08/2021,06/03/2022
308,mlongworthy8j,swickey8j@symantec.com,4BDMuqS,BA,5336689495,7789484793,28/10/2021,25/04/2022
309,jalenshev8k,eseale8k@va.gov,5Zdmr5T,D,5394610113,8181693857,26/12/2021,03/02/2022
310,kcometto8l,achubb8l@theguardian.com,1EI8knq29gff,DA,5310098330,8731184914,15/06/2021,13/10/2021
311,cshreve8m,taskwith8m@posterous.com,2W88y5RI0Jn9,DA,5375591288,0885229726,07/11/2021,11/11/2021
312,ftrimby8n,mtrewhitt8n@feedburner.com,PFN3stbVI,D,5371856069,2933317581,22/08/2021,18/01/2022
313,kdurrell8o,bweale8o@mtv.com,qPQf4mC,V,5339015434,5257506045,03/07/2021,16/12/2021
314,ajone8p,vglencros8p@soundcloud.com,ySsyyJvurl33,D,5304792469,0739606718,10/03/2022,12/11/2021
315,czelland8q,rgontier8q@buzzfeed.com,zqb0Stx,D,5392937690,7196504534,25/08/2021,27/04/2022
316,ccruikshanks8r,glangtree8r@reddit.com,0lFLW8,D,5313139463,9867794173,04/10/2021,15/11/2021
317,escattergood8s,bmoxstead8s@ezinearticles.com,aPPelGOGWU1z,BA,5308298929,7729009108,19/04/2022,14/03/2022
318,vjakubczyk8t,canthiftle8t@123-reg.co.uk,doJ9rwx,D,5362947010,4999795694,25/04/2022,28/12/2021
319,egrebert8u,rsamper8u@tmall.com,WEu9DmpJ,DA,5322695380,0876744370,25/12/2021,09/11/2021
320,lrapin8v,jlancastle8v@indiatimes.com,yjQeGlZ0,D,5389827074,2135307179,06/05/2022,25/08/2021
321,jmesant8w,mdunning8w@4shared.com,VTHgql,VA,5336387771,2531871357,08/11/2021,09/03/2022
322,awingfield8x,epyer8x@yahoo.co.jp,gD9qrnCf,V,5354324648,6350769899,09/09/2021,22/10/2021
323,dbounds8y,srenihan8y@forbes.com,IDItRx,DA,5333895218,9097883016,14/01/2022,08/09/2021
324,dsnow8z,epirrey8z@fotki.com,zHMiy9N,D,5364107517,1420040224,20/12/2021,20/08/2021
325,asalvador90,jevesque90@engadget.com,UPS2mRaOa8h,D,5330885263,0060569800,25/02/2022,31/03/2022
326,ocarnaman91,jgotling91@mysql.com,gvEuz97Oo,D,5372364505,9103327958,21/09/2021,16/03/2022
327,jbromehed92,lhankard92@hao123.com,JfPWcH,DA,5364261263,6985192213,29/06/2021,22/05/2022
328,cwasielewski93,lgavriel93@bizjournals.com,UWmZ6Wv,D,5376478256,8500925367,29/07/2021,20/07/2021
329,glukasik94,rlamport94@instagram.com,FxTcAZL,D,5363257936,8321832357,02/03/2022,05/05/2022
330,ggilbert95,wvassbender95@census.gov,eJmr7th4PsEz,DA,5387494327,2486605830,27/07/2021,28/07/2021
331,menriques96,mhardwick96@meetup.com,6Sz9QL,DA,5373105747,2331989897,28/07/2021,16/08/2021
332,mgarric97,nramsdell97@sciencedirect.com,n5Pw4c,DA,5390095608,6591283726,11/11/2021,01/09/2021
333,kknutsen98,gtidbold98@columbia.edu,pfHUXOw,D,5315643899,7446147578,09/12/2021,01/04/2022
334,pmechi99,apinnington99@shutterfly.com,HCqn4UPJgSnR,DA,5392844067,5827405091,05/11/2021,02/04/2022
335,amilbank9a,bbaldree9a@wix.com,boETSb,D,5331654235,7044679549,08/04/2022,07/04/2022
336,kkleen9b,hwhodcoat9b@odnoklassniki.ru,4jt64cDDN,DA,5387504689,8719782314,12/11/2021,07/08/2021
337,measton9c,cbaldacchi9c@flickr.com,dTuBe5A96,D,5387656633,2199573080,21/04/2022,29/01/2022
338,dmcgill9d,mbrigstock9d@uol.com.br,L4syrIn9r3pH,B,5304591366,5192247413,27/03/2022,20/01/2022
339,lfeehely9e,nbuttfield9e@buzzfeed.com,G7lWBp56EW,DA,5303640675,4002653244,19/10/2021,28/12/2021
340,rdukelow9f,ccorringham9f@github.com,Q43EIGL,D,5323215746,9917185893,24/05/2022,09/09/2021
341,nchawkley9g,apettecrew9g@pinterest.com,85R3tzlU5hJ,VA,5314437667,9924291332,16/10/2021,26/11/2021
342,kanwyl9h,ccorse9h@yolasite.com,WUm0VCiv7,D,5378932959,4824420694,06/08/2021,23/09/2021
343,tisaksson9i,psantus9i@skype.com,D8hHSEfOEa,D,5368255296,7097568327,17/12/2021,11/11/2021
344,pbernardini9j,sslegg9j@bing.com,Q7y4exv2,DA,5300584495,8282065567,03/04/2022,21/03/2022
345,abroe9k,tchillingworth9k@amazon.com,YL2P0P,D,5378649961,7001322513,31/07/2021,17/01/2022
346,folkowicz9l,dsketchley9l@dmoz.org,q1gO9F,VA,5330166143,7509004519,01/08/2021,12/10/2021
347,laukland9m,lneasham9m@netlog.com,Elew4aDpCLIm,D,5319734790,7526072959,11/09/2021,18/11/2021
348,psentance9n,ryanuk9n@linkedin.com,bPnySTNG,DA,5338210304,6429896846,24/04/2022,08/07/2021
349,tdockrill9o,rjoist9o@privacy.gov.au,BpqEOF6bbKKi,BA,5344988822,6016403284,09/02/2022,16/07/2021
350,gtarr9p,ajennions9p@blinklist.com,NSFsndkR6t,D,5337289453,1637939809,31/08/2021,25/02/2022
351,rwhetland9q,vmanhare9q@people.com.cn,v0rWZw91RO,DA,5391678779,9438137012,14/09/2021,31/10/2021
352,wbrown9r,kgraftonherbert9r@wikia.com,hTlVYsO2,D,5309126681,2850195018,02/04/2022,26/09/2021
353,dtwyford9s,mpitrasso9s@scientificamerican.com,wl6WQn,BA,5342307625,8603183894,03/02/2022,06/08/2021
354,acheckley9t,nstangel9t@so-net.ne.jp,AtvDz1CtfU,D,5394433461,3819520094,26/12/2021,26/10/2021
355,kmussett9u,iyewdell9u@omniture.com,mHMhYEM3qawW,DA,5333712940,8177012234,24/06/2021,01/06/2022
356,kburgwyn9v,dreynard9v@examiner.com,5z47o5SO,BA,5337473378,8558192905,22/07/2021,25/02/2022
357,emackiewicz9w,wlartice9w@csmonitor.com,oWcnLmh,D,5309119640,1735028652,29/12/2021,12/05/2022
358,rstrawbridge9x,adron9x@un.org,DZHuVCab,D,5340961319,5086747574,23/07/2021,19/06/2021
359,jtaverner9y,mvina9y@bbc.co.uk,g9uplrzQRXh,D,5319668761,3937237173,22/09/2021,15/06/2021
360,khestrop9z,eedgecumbe9z@issuu.com,QxocAWPj8IR1,D,5320505241,7337871207,04/07/2021,10/05/2022
361,spitkaithlya0,aforsbeya0@histats.com,P3VegONEYuQ,DA,5375113717,9112552195,08/04/2022,15/05/2022
362,mtivenana1,akinworthya1@hud.gov,ABbIgC3Z,D,5350207844,1990814543,07/12/2021,31/03/2022
363,galibonea2,poherna2@redcross.org,Asn4xR3AL,D,5314842422,0578984783,30/07/2021,14/12/2021
364,ktoyera3,ncanadasa3@indiegogo.com,4ncfz571,D,5302291098,0728252582,04/12/2021,09/10/2021
365,kdumphreya4,ccroslanda4@google.it,O9xRS0,D,5349624770,1180086392,17/06/2021,19/07/2021
366,nwittsa5,lrubinsohna5@sogou.com,JlrAaHLIMnL,D,5378516039,1298775688,17/07/2021,11/03/2022
367,rbrundella6,agilpina6@mac.com,ggZ8XSlGi5,D,5306551835,7285139482,24/09/2021,18/04/2022
368,ntapnera7,jwaterfalla7@blinklist.com,13xbMiDEablo,D,5350687242,3017161485,10/06/2022,27/07/2021
369,htanzera8,cghelardonia8@eventbrite.com,BNs8sDCL,DA,5341934367,3130842869,06/02/2022,22/01/2022
370,zblincoea9,blumleya9@psu.edu,KgRNgWzq,DA,5346386528,9978621444,03/03/2022,04/10/2021
371,nkeaysaa,hdroveraa@soup.io,nXRuny,D,5357157727,3059319600,02/10/2021,06/05/2022
372,sserviceab,agoltab@mit.edu,KzgcuK,DA,5373213974,8692627420,19/11/2021,20/01/2022
373,bmowlesac,rdogeac@soundcloud.com,rqsdPH65,DA,5332958132,1538799594,22/03/2022,07/01/2022
374,tgadeauxad,lcreevyad@rakuten.co.jp,cvF2uM40T,BA,5343435802,1265106529,13/02/2022,02/04/2022
375,icremenae,keilhertsenae@webmd.com,iKCBvi,D,5338451786,6409486620,10/07/2021,14/03/2022
376,frosenvasseraf,dkelmereaf@cornell.edu,aVDfwAJCWJ1,D,5355265938,8281673148,22/03/2022,18/10/2021
377,amargerrisonag,dalliottag@google.cn,boOVw1,D,5328009158,5132127524,23/01/2022,20/09/2021
378,kcrossleyah,imikoah@xinhuanet.com,ziZU7FwHP83,D,5316586551,0239722832,19/03/2022,14/03/2022
379,ckennawayai,fluetkemeyerai@cbc.ca,ga9a6Un,BA,5352747260,1172956903,29/10/2021,19/05/2022
380,rmagarrellaj,hsmallesaj@surveymonkey.com,MUXU2p,DA,5337285157,3773377624,25/10/2021,25/06/2021
381,rsammsak,gstoadeak@biglobe.ne.jp,i2lSD46zyqK0,BA,5325211082,1255499890,05/12/2021,22/04/2022
382,thallinal,shalfpennyal@networksolutions.com,G9IsDvy,DA,5351905712,6774675631,19/07/2021,14/10/2021
383,ggodonam,aduvalam@yelp.com,gKwV0PXgW9,D,5349186692,3719917720,28/10/2021,18/04/2022
384,ransellan,bmingayean@exblog.jp,LAwD3X264ZJ,DA,5341396938,8669301681,04/11/2021,05/04/2022
385,rjobbingsao,rsmeetonao@sbwire.com,HlRuJzbY,D,5311080057,9623551043,26/11/2021,17/03/2022
386,fcaslaneap,mdarnbroughap@sina.com.cn,1BVPpKeB0,DA,5343856048,5165138859,16/04/2022,09/07/2021
387,etaborreaq,dquaifeaq@cbslocal.com,76zItGN0r1,D,5367674219,6946256378,23/06/2021,30/03/2022
388,zbeebisar,hroelofsenar@state.gov,OzOtFo,DA,5308404996,5494817624,27/10/2021,22/02/2022
389,bsleightas,rrileyas@cmu.edu,g4g4tlv2TNd,BA,5353000602,5896031945,22/08/2021,06/06/2022
390,smackaigat,mbladesat@vistaprint.com,subcS3q,D,5370257444,6753219928,24/01/2022,20/07/2021
391,jsheerau,fsabathierau@weibo.com,PyCXAeIN,D,5351903766,7142735712,18/11/2021,06/02/2022
392,kporttav,cmartillav@1688.com,uGEhXNfbixI,D,5368277186,6290151381,07/09/2021,04/03/2022
393,tpeardeaw,jbanyardaw@examiner.com,UBE2ROx3W4,DA,5317624925,2331913784,27/04/2022,26/03/2022
394,skowalskiax,sdoneax@myspace.com,gU45P1OFW,D,5367372709,9407273796,14/11/2021,09/02/2022
395,jkamenaray,mrawsthorneay@seesaa.net,KMkEdHrXu5m,B,5342875711,3105378452,23/07/2021,21/07/2021
396,odigginaz,tspellworthaz@4shared.com,ewqgXddz5Mf,D,5307346410,9374768180,07/07/2021,24/11/2021
397,talfonsettib0,bbriceb0@si.edu,vY1tFp,VA,5350504788,2073746134,16/01/2022,09/01/2022
398,jblownb1,prugierob1@vk.com,01fjz3rc,D,5373763274,9105146773,31/08/2021,29/05/2022
399,otidboldb2,kshafeb2@howstuffworks.com,PIqEZeH,D,5344834170,6955639597,14/04/2022,15/03/2022
400,tplumptreb3,krogisterb3@forbes.com,nqyNuuKh1N,D,5385237329,1317613724,03/05/2022,17/03/2022
401,wandrionib4,eheartb4@disqus.com,DXamj8J,BA,5318549028,7815338171,18/07/2021,24/03/2022
402,mmeachenb5,ajonssonb5@mozilla.com,uqT2LQv,SA,5335682742,9738631974,02/02/2022,24/08/2021
403,jchristoffeb6,bcaselickb6@storify.com,0cqa8atKgB,BA,5370521815,4224545119,23/10/2021,24/04/2022
404,sscoginb7,jgiffonb7@tamu.edu,pFZjZ1iKbwv,DA,5302815619,2858149153,19/08/2021,05/06/2022
405,rguinnb8,dbaldenb8@yellowpages.com,j29inYFbv,D,5310828474,7572344998,29/07/2021,01/06/2022
406,ahutchingsb9,cwiddecombeb9@blogs.com,ShAx3ikSt9LZ,BA,5366739079,4190334372,24/12/2021,06/02/2022
407,ameltetalba,speyeba@delicious.com,9VxHLechKD,SA,5317887548,6547001257,19/03/2022,22/07/2021
408,asmithambb,jfoyebb@so-net.ne.jp,kqdpzOjKZ7,BA,5331562676,5042241173,16/05/2022,21/05/2022
409,mjiranekbc,gleftleybc@360.cn,MFEYDq3gT,D,5320997416,0562679730,04/05/2022,06/09/2021
410,trennixbd,cbosquetbd@ebay.co.uk,1sWnXLVaP,D,5360119702,1735260564,25/01/2022,13/03/2022
411,dellenbe,jlopezbe@purevolume.com,I60v0SVRLj,D,5316698741,8966213319,15/07/2021,16/02/2022
412,nblenkensopbf,apowneybf@indiatimes.com,DcBGDexyIVtn,D,5326402952,1451122514,24/01/2022,19/12/2021
413,gmolanbg,cstrattenbg@instagram.com,jbvKZsJLr,DA,5308632483,5727602925,03/02/2022,05/02/2022
414,jlefridgebh,cgarlandbh@house.gov,YRbfx0,DA,5397407202,7869572451,15/10/2021,26/04/2022
415,aivattsbi,dandreinibi@hao123.com,eTz78L,D,5321967762,5884501741,23/07/2021,30/11/2021
416,ddecourcybj,lcampesbj@g.co,6gP1aCD,D,5305929283,7131222619,25/03/2022,03/06/2022
417,mhambk,mtakkosbk@oaic.gov.au,fJnYcn,VA,5380034848,7227209398,16/07/2021,30/09/2021
418,jshallobl,idonovinbl@artisteer.com,Geoaac,D,5324787562,4661566697,29/10/2021,21/12/2021
419,jromagnosibm,sguerribm@cnn.com,Meksf4B6UY,BA,5382438372,0224178330,10/03/2022,23/12/2021
420,mandrenbn,lcasburnbn@comcast.net,069HIuF,D,5334647576,5451407033,15/04/2022,07/09/2021
421,khaddenbo,awintonbo@github.com,zgxLLUj,B,5362754811,5511761942,15/05/2022,08/12/2021
422,astollbergbp,kboorbp@google.com,0XZnz5w,BA,5315523250,3614356900,28/12/2021,06/05/2022
423,bdonnerbq,ohedonbq@reddit.com,Z31OMgt,DA,5383730785,8928847268,19/05/2022,04/10/2021
424,vbagniukbr,vbryantbr@ft.com,dVRO6smi,BA,5395109287,1587422352,05/02/2022,08/06/2022
425,kdyosbs,msalackbs@csmonitor.com,RO6qbDiywmZj,DA,5347221593,5077774892,08/01/2022,18/10/2021
426,bgilleonbt,operciferbt@sfgate.com,pBjal6qd,D,5320952746,9527267904,07/01/2022,04/11/2021
427,hkubanekbu,gmarzellibu@1688.com,UG9htJxmY,D,5321330665,4660956750,06/12/2021,08/08/2021
428,loreganbv,lfontellesbv@pen.io,Z2RvvT,D,5374577534,5617290670,24/02/2022,06/02/2022
429,celdershawbw,bolijvebw@apple.com,NE4Wy4z2Xk0,BA,5332114382,1494397947,22/03/2022,06/05/2022
430,ccratchleybx,iemersonbx@spiegel.de,gp86R1nNBf,D,5331571054,3185785070,27/03/2022,24/12/2021
431,npoddby,aadcocksby@ebay.co.uk,IQVTPgCR,BA,5352960350,6622736798,04/05/2022,06/03/2022
432,krenihanbz,tblacksterbz@mysql.com,M1DNejo1lE,DA,5309953987,2770899635,24/04/2022,21/04/2022
433,hjovanovicc0,mburgwync0@altervista.org,DcoJj8fkHCX,D,5324238962,4879640316,20/11/2021,24/06/2021
434,hgoodingec1,dshambrookec1@sbwire.com,y13hlFDY,DA,5318671204,0836841795,20/02/2022,28/06/2021
435,ofarebrotherc2,nfranzkec2@dailymotion.com,6YE0LlrFv2JT,D,5310649222,1987753318,29/11/2021,18/03/2022
436,rdyerc3,lstaffc3@cdbaby.com,tcWe2PSSv,DA,5384445810,1026652913,21/02/2022,14/04/2022
437,asussansc4,eearleyc4@jimdo.com,y08pjPuM,D,5323122041,1026504545,22/07/2021,13/01/2022
438,fyoodallc5,cmcterryc5@nbcnews.com,F60GnR,DA,5335280947,4349081177,25/10/2021,27/01/2022
439,esoalc6,hhaytoc6@theatlantic.com,6fp0Ihk,DA,5300633578,7254994175,10/02/2022,09/11/2021
440,hgollandc7,mchelleyc7@rakuten.co.jp,qctsbxo6a,B,5327838152,2900271506,25/05/2022,09/07/2021
441,mmccaughanc8,sdillandc8@virginia.edu,IQyjH4Irsz5,DA,5378989769,0079575576,28/11/2021,30/11/2021
442,awillersc9,tskillicornc9@zdnet.com,CB0kZNXIXo,DA,5361207813,0626231858,09/03/2022,28/06/2021
443,pschukertca,pwhitemarshca@imgur.com,pOsabK,DA,5371270194,5561824110,05/04/2022,26/09/2021
444,bredgrovecb,ddobbisoncb@gnu.org,CK6Yvv,D,5333422852,1418496326,06/09/2021,14/03/2022
445,acossanscc,dstanfordcc@abc.net.au,1C9jpf5M,DA,5386233775,0937803637,09/07/2021,24/07/2021
446,storritticd,feckerycd@smugmug.com,0f8P1mcmFCz,BA,5387976037,3869876819,18/12/2021,19/10/2021
447,vmacmeanmace,lcervantesce@wired.com,EQ7HkL0MpAD,D,5303162838,9243740893,03/02/2022,12/08/2021
448,dgregorowiczcf,kdakerscf@upenn.edu,tEUINm,D,5332790457,9169671791,15/11/2021,26/06/2021
449,wapplebycg,sabrahamoffcg@nifty.com,Gp9e4ogq,DA,5326745544,8687012243,08/01/2022,07/10/2021
450,lbleimanch,bwakelych@yahoo.com,TVahKqd,D,5345080183,1997963571,20/02/2022,24/01/2022
451,wlaurenceci,ldortonci@si.edu,FQmqXJqEmxQc,DA,5315345670,8942927461,26/01/2022,01/11/2021
452,rhasluckcj,hrikardcj@deviantart.com,vPaC55oL8,D,5334689988,9421320964,06/11/2021,29/11/2021
453,ekayzerck,hgerltsck@squidoo.com,oxJaD3zgg,BA,5323492186,6888696706,06/01/2022,06/10/2021
454,csemourcl,aloidlcl@sina.com.cn,oYOVWGhIwxv,DA,5373833232,4978889787,23/10/2021,12/11/2021
455,jledgistercm,bvalenciacm@dmoz.org,Uu7GDN,D,5345512791,6815227256,18/08/2021,11/10/2021
456,njakubskicn,kbrunncn@cpanel.net,k79wib00,V,5350971695,3543773368,12/10/2021,10/07/2021
457,lshepardco,lrechertco@bloglines.com,URCOnN,DA,5381364053,6820766030,29/08/2021,09/03/2022
458,kolechcp,jrugercp@europa.eu,JHli2i,D,5393754092,0895198963,15/08/2021,31/12/2021
459,dcardecq,hdriolicq@goo.ne.jp,D7eT0T45RDU,D,5364362211,6231068068,15/04/2022,21/07/2021
460,kbramfordcr,klanneycr@istockphoto.com,9HHKQzQQ,DA,5374148986,7156686422,18/08/2021,02/03/2022
461,rgeerdtscs,logavincs@twitpic.com,O7Dzp0578H,D,5348405617,5236282549,09/12/2021,22/05/2022
462,jkarpolct,clahiffct@123-reg.co.uk,l6IjcmOcAWT,BA,5371915617,6115551008,02/03/2022,19/05/2022
463,lgronwcu,vhamecu@lycos.com,DvQ62JpxvW,D,5321282187,4059176917,01/07/2021,09/10/2021
464,acopnarcv,fjosskovitzcv@tuttocitta.it,duJu3iX,DA,5307292230,0340137957,01/12/2021,17/12/2021
465,nrootscw,gchedzoycw@sciencedirect.com,333wo15X,D,5394157903,8715366549,17/09/2021,21/02/2022
466,ffullecx,theavycx@webnode.com,QdDOtr,DA,5344824182,5680023723,19/07/2021,08/08/2021
467,cproutcy,ahearlcy@4shared.com,KgEjTJn8gQpo,D,5364885317,2292686412,20/04/2022,10/09/2021
468,cglasscottcz,delderidgecz@digg.com,tAH5cBS56a,D,5367061178,6570151782,31/05/2022,08/12/2021
469,tgerauldd0,mverrechiad0@guardian.co.uk,tBRKwL6Z,DA,5394307677,1631213035,04/08/2021,21/10/2021
470,bcauleyd1,cpenasd1@blogtalkradio.com,LzOhT6,D,5382277755,2164296819,14/03/2022,01/05/2022
471,fcaselyd2,ibendittd2@sphinn.com,SclmwUuBp,D,5351313720,3534853184,27/10/2021,18/06/2021
472,dmacewand3,declesd3@macromedia.com,PHxeenBJ,D,5328445945,2140408958,22/10/2021,10/04/2022
473,cackeryd4,ldummigand4@nsw.gov.au,vL03pFCJEzEh,VA,5307132798,3066196152,13/05/2022,31/07/2021
474,bfullegard5,rgodleed5@symantec.com,xndnzMhcGxy,D,5343817144,0390186862,16/08/2021,29/01/2022
475,dtaped6,sbrashawd6@skyrock.com,YeqlgHcKKi,DA,5303005550,9597116517,30/01/2022,25/08/2021
476,mpilkintond7,crentellld7@csmonitor.com,wvDjSCrJlDTj,D,5375326128,9272578822,26/10/2021,25/04/2022
477,tharbyd8,dobleind8@ustream.tv,Aptclwjj,DA,5309000188,9159805991,19/08/2021,20/05/2022
478,gdelayglesiad9,sossipenkod9@rambler.ru,qJ8OeC5Y9,DA,5324378149,9961760416,26/03/2022,02/11/2021
479,rstientonda,cprimakda@ihg.com,4dOF4jFokdX,D,5312819235,7401066027,13/12/2021,26/11/2021
480,reliotdb,jcolletedb@nih.gov,2lsZ7sODU,D,5372408092,8283151063,16/08/2021,26/02/2022
481,ebambrughdc,lbirniedc@hexun.com,OZjdjhwcUAoM,VA,5379275134,7320506704,14/07/2021,28/03/2022
482,ccolletondd,pocorrdd@blinklist.com,wKOQY9,VA,5350133647,6150970473,14/02/2022,25/12/2021
483,tsearightde,tmeierde@apache.org,958FKv00n,B,5382928745,8000992151,06/09/2021,11/10/2021
484,moxberrydf,cpaolazzidf@google.co.jp,ujUW0S9,D,5372348846,2368860937,19/12/2021,27/05/2022
485,tnucatordg,wiffedg@statcounter.com,j0BhnX,D,5397629154,8256927100,04/02/2022,18/04/2022
486,coliveradh,tgierharddh@hud.gov,dtTRk4UlBhuo,D,5366998056,3039324481,26/11/2021,11/09/2021
487,kpringleydi,ckiffdi@mit.edu,N44pRk3KRpE,D,5357275952,7508201263,02/11/2021,25/03/2022
488,dgoulddj,mcoldbathedj@foxnews.com,McQe0m99,D,5309959576,2807824097,22/12/2021,05/04/2022
489,egoodersdk,bpattingsondk@craigslist.org,NHq0VmL6k,BA,5342031670,8027867043,08/02/2022,31/05/2022
490,dmoondl,jscarlandl@admin.ch,uy7RWprR,V,5305523133,9348360263,10/08/2021,20/07/2021
491,nchristerdm,lcromlydm@disqus.com,mxIhRnRK9,B,5388261155,8147765935,31/08/2021,01/06/2022
492,swoollcottdn,sbellochdn@sciencedaily.com,7hFElFFtM,D,5322654895,9601674953,18/09/2021,15/07/2021
493,chartydo,hgartshoredo@senate.gov,gFuzdKawxoph,D,5394115650,0399971038,13/10/2021,25/08/2021
494,lruterdp,swhitseydp@europa.eu,AC298saKmF,D,5336216435,6181698483,01/10/2021,18/06/2021
495,jpontdq,ohurlindq@europa.eu,eS0vcijU,D,5342620029,9384755449,16/09/2021,14/08/2021
496,rwatermandr,abattendr@youtube.com,SjNpn98CPzb4,D,5313631580,6545712211,06/06/2022,17/03/2022
497,zabrianids,hmoneyds@networksolutions.com,4JRqjylPTO,D,5374639786,6692417318,31/08/2021,06/09/2021
498,kcanetdt,sregandt@cisco.com,z6T33r2H,DA,5331691962,5064304495,20/10/2021,28/05/2022
499,mfitzackerleydu,hwelbourndu@chicagotribune.com,7S2PTVjL,DA,5374717762,2899665652,01/08/2021,04/06/2022
500,hgullivandv,nilemdv@umn.edu,mbPgDsas,D,5385193859,2736704650,03/06/2022,10/08/2021
501,mbotlerdw,tgianinottidw@i2i.jp,1yJNE4J,D,5320766519,5829971875,02/12/2021,21/08/2021
502,ppetriellodx,mdanskinedx@europa.eu,ko1gnY9B8xq,B,5344681188,5401754933,06/10/2021,17/04/2022
503,opeiledy,csimesdy@acquirethisname.com,3GDP8N,V,5312682472,2256732644,28/02/2022,25/09/2021
504,hvarcoedz,jbazeleydz@sphinn.com,IRsG36CXKRpo,BA,5314370070,8979594858,19/09/2021,24/07/2021
505,dbellringere0,dspinolae0@discuz.net,KkAW8Teyl0q,SA,5384058300,8712919323,02/08/2021,03/11/2021
506,krubenchike1,jmccolle1@weather.com,jpWP0rv2X,D,5343154375,3220668774,10/05/2022,15/11/2021
507,skristufeke2,ubramwiche2@accuweather.com,MX8lzRLeW,D,5367400866,6349116071,15/12/2021,07/07/2021
508,hmeralie3,ablazeje3@shinystat.com,EyRIW2dfJB5W,BA,5362296941,7306530568,08/10/2021,12/06/2021
509,cwoodrooffee4,ejanissone4@infoseek.co.jp,m9nux8K,D,5372543446,6779416418,15/04/2022,10/04/2022
510,howbridgee5,sracke5@archive.org,Nmtd5x8F5he,DA,5381731525,1708925193,08/09/2021,08/08/2021
511,tharnese6,cyewene6@hostgator.com,9l5I0F71j,BA,5367769776,2945486506,25/06/2021,05/08/2021
512,dmcmycheme7,hbalduccie7@yellowbook.com,4j3NuCzQk55,DA,5350374899,0720598864,03/08/2021,13/06/2021
513,bsprulese8,mbambe8@yelp.com,ZqB8HyALN,D,5331592583,5393505578,10/10/2021,11/03/2022
514,draithe9,hswadone9@ft.com,wQc37XAU,D,5347204572,9920758922,20/05/2022,12/09/2021
515,rgruszeckiea,cwhatmoughea@hud.gov,9lZUIP0Zoyi,BA,5392525662,9368044725,07/09/2021,18/06/2021
516,lvolckereb,awhaymandeb@studiopress.com,hWKNKGVWyBU,D,5387721379,6116624274,21/05/2022,06/11/2021
517,askippingec,otoweec@craigslist.org,q174Ab0,BA,5384659565,4685830802,20/03/2022,21/06/2021
518,bhutsbyed,etellessoned@ycombinator.com,GdytPBI1p,D,5321912029,5113062408,31/03/2022,24/10/2021
519,sloblieee,csharrardee@usgs.gov,Y0Gpba,DA,5392246361,8891970713,25/10/2021,24/12/2021
520,raskinef,pinglebyef@mtv.com,miRU65iESoL,D,5344810521,3843698341,25/05/2022,23/08/2021
521,ljamrowiczeg,cmaccardeg@friendfeed.com,DZTfwV,D,5380337247,6541002076,23/09/2021,07/08/2021
522,brahilleh,gboundeyeh@sohu.com,x4rVFB41a4,D,5351956570,4508560812,18/09/2021,09/07/2021
523,arogierei,rbarbaraei@live.com,mY1Djn,DA,5330994531,7791749575,19/11/2021,03/07/2021
524,ocometsonej,agullandej@hexun.com,tvLoKGrn,D,5337760389,3035513323,06/08/2021,16/02/2022
525,kpoliek,sneaveek@mozilla.com,hZaTnRwLQs,BA,5365450846,8459751261,14/12/2021,11/06/2022
526,ylimprechtel,hcoghlinel@mayoclinic.com,SCzebsT13,D,5357051108,1536599291,31/10/2021,30/12/2021
527,rgoodsallem,ddeminicoem@xrea.com,mzbmDkuDp,D,5393937762,7721930844,05/06/2022,05/03/2022
528,ggoddmanen,rwoolleren@bloomberg.com,uOOis7cG,D,5390096024,8383111791,24/03/2022,30/01/2022
529,rtiernaneo,avlasoveo@vimeo.com,jgzD66Nu,BA,5372005596,0608553979,05/10/2021,23/12/2021
530,candrusep,cbrooseep@examiner.com,SdAhhG7,DA,5392381994,9328328233,27/10/2021,02/06/2022
531,sgreenhilleq,bfeirneq@google.ru,bEGw3H3T0,D,5330385319,6666601930,26/06/2021,21/11/2021
532,leisaker,aalboner@google.es,hZEZFF,DA,5370746587,3071967398,06/10/2021,01/11/2021
533,bleafes,krooneyes@census.gov,aoCGbCC3t,B,5315445728,4929042142,07/02/2022,30/03/2022
534,fcatterollet,gparleyet@independent.co.uk,YUgEeF0Fl2R,DA,5392264410,7515957105,20/12/2021,22/09/2021
535,cchasteaueu,lbrucknereu@blogs.com,uU9pTF,D,5346935632,8192837347,27/02/2022,17/05/2022
536,gmostonev,lluisev@webmd.com,BGF372i7,D,5326364723,1991265872,01/08/2021,05/06/2022
537,dheatonew,gduerdenew@people.com.cn,6fVOEVDOV,DA,5392159836,2125134444,21/11/2021,28/03/2022
538,abraffingtonex,dvirginex@list-manage.com,xDxG7F,DA,5321459097,5562882670,26/01/2022,10/05/2022
539,aburghey,dlacroceey@edublogs.org,9itFvCSY5v0C,D,5365297962,9167306400,19/01/2022,14/05/2022
540,gseallyez,lericssonez@cam.ac.uk,cfmzNL,BA,5300752403,4304873375,16/10/2021,28/04/2022
541,ktoplissf0,wcaineyf0@hhs.gov,mB4tCri,D,5325196271,9019930719,24/07/2021,24/06/2021
542,pcarlessf1,siffef1@diigo.com,kRiJk8TzaKo8,D,5313124127,5271161315,18/06/2021,14/02/2022
543,sdarquef2,ipaulaf2@geocities.jp,wdadJQaD,DA,5337163179,0955324367,30/06/2021,06/10/2021
544,estannionf3,gabraminf3@nymag.com,AjGel1OEq,D,5396525571,3380999822,22/10/2021,10/03/2022
545,gspearf4,ahaquinf4@macromedia.com,LxyavrWa,DA,5387882013,6766699611,14/10/2021,14/09/2021
546,sweighf5,drantoulf5@tripod.com,paVdni,SA,5307564225,5805747665,12/02/2022,04/01/2022
547,afrancisf6,cargontf6@pinterest.com,BdhZpSpH,DA,5341968271,7095913518,05/02/2022,02/06/2022
548,cfeverf7,ddigwoodf7@msn.com,Udx6FpUz0e,D,5325557557,0512663352,22/09/2021,07/10/2021
549,cbillyealdf8,gantushevf8@ovh.net,9mfuq1AQGY,DA,5366029794,3964439827,10/08/2021,19/11/2021
550,cellensf9,esplevingsf9@kickstarter.com,sRMBkwYghEt,D,5374145405,6549020684,26/01/2022,17/07/2021
551,gcoulterfa,dmaylottfa@nationalgeographic.com,h25Gbqbq,D,5354371674,0641975991,30/11/2021,18/09/2021
552,cwroutfb,fblandfordfb@phoca.cz,odHj3Ysf,DA,5394744528,3683326556,13/01/2022,14/02/2022
553,bwhetherfc,ustylefc@clickbank.net,Lzdv4A70S,DA,5397671211,5152629013,30/12/2021,19/06/2021
554,acameliafd,btungatefd@exblog.jp,3SXQNa52,D,5309414867,3419946837,08/05/2022,02/04/2022
555,bargentfe,jbarnevillefe@w3.org,kZPs4O5tLegR,BA,5350740808,7118007285,17/05/2022,30/04/2022
556,bdewolfeff,cpiatkowskiff@vkontakte.ru,yuqhlkEH,DA,5360276804,0250225170,03/09/2021,12/02/2022
557,tmelarkeyfg,tbieverfg@lycos.com,dZj01xf,D,5306917354,3372650647,09/04/2022,26/11/2021
558,csorsbiefh,dclapsonfh@nba.com,n67PXBtnum,D,5395691497,9600776608,12/12/2021,22/10/2021
559,fkosfi,fhiscokefi@washington.edu,wxmVoS35fV,D,5391202904,9257771983,08/07/2021,11/11/2021
560,sroddickfj,ahawkridgefj@surveymonkey.com,qHv05iH,V,5318597161,8152487750,19/03/2022,10/08/2021
561,kphilipsonfk,whaddenfk@nydailynews.com,PElIW4gXW9dj,D,5315079423,4054463801,02/02/2022,22/05/2022
562,friglarfl,agodlemanfl@ucoz.com,njroBxC,DA,5316576633,9670810515,24/03/2022,22/07/2021
563,hcorbinfm,mwinsparfm@earthlink.net,YxqTPYz1XOLs,SA,5335938034,2880055693,12/04/2022,08/10/2021
564,eberkleyfn,cdinisfn@about.com,SQXc0Ch1tvjZ,D,5339704339,7488569357,08/09/2021,28/04/2022
565,nblindfo,brosengrenfo@dyndns.org,o0660d,D,5336900933,5121188174,16/10/2021,24/07/2021
566,dheissfp,lshinglerfp@amazon.de,uGZY3d,DA,5309494348,6123647187,28/07/2021,09/09/2021
567,kadrianofq,jvazfq@chicagotribune.com,L6HTrCCqNe,BA,5375392893,5852205205,30/06/2021,03/09/2021
568,cwoodsfordfr,scraydenfr@uiuc.edu,ZEaDVUEFU,D,5394808392,0484959338,25/10/2021,22/08/2021
569,sgabbatissfs,awherryfs@lycos.com,9OjrG6Q8au,DA,5382470442,6620729738,22/02/2022,07/03/2022
570,okeatesft,adahlbackft@is.gd,pCyd1vqk1x7,D,5385224036,4107220891,16/04/2022,31/12/2021
571,hcoileyfu,djosupeitfu@gnu.org,CIEjMVt8C5,BA,5379800728,7815321466,04/12/2021,20/08/2021
572,spinockfv,fwinterbornefv@360.cn,XJP5ZAZ4a,D,5388997812,2670575423,03/01/2022,16/09/2021
573,bgorriesfw,ghorningfw@seesaa.net,6bmKebKQ,DA,5333656062,3343031474,05/06/2022,10/05/2022
574,emankorfx,gcrosbiefx@wordpress.org,XkLXgqL,D,5386291263,2256279505,15/07/2021,08/06/2022
575,rcallfy,rantoniakfy@census.gov,nKpRpox,DA,5327905791,4957911372,02/12/2021,29/09/2021
576,kgrindleyfz,dbowermanfz@themeforest.net,x46DLUdnm,DA,5382833845,2337534627,27/02/2022,13/09/2021
577,kthreadkellg0,dvockinsg0@alibaba.com,Aglp6ea,D,5329098591,7685513599,23/08/2021,22/06/2021
578,rovensg1,gpochetg1@last.fm,LacfJVkyYZ,V,5357594736,7169088370,20/11/2021,08/07/2021
579,cpickering2,cdillintong2@house.gov,NqEEwNxh5,D,5368289895,5394190682,31/10/2021,25/06/2021
580,nparnabyg3,gdignumg3@paypal.com,1CAzqC4lbe,D,5353365612,5630753708,06/06/2022,15/04/2022
581,ggoundryg4,akippingg4@cnbc.com,Uukl6xlTCty,DA,5313218908,9212916180,18/06/2021,14/06/2021
582,dmullinerg5,agleweg5@reverbnation.com,bQkBdnstnfQB,V,5312552502,0524457930,18/04/2022,12/12/2021
583,rsmalesg6,epughsleyg6@hexun.com,0hZylOKRhw,D,5385057763,0693545688,31/12/2021,16/07/2021
584,spriddeng7,lmeeseg7@gmpg.org,9ypl0PBUga,DA,5316294139,4216817864,12/01/2022,31/08/2021
585,trobeg8,dtilliardg8@smh.com.au,neTjbT6,D,5353368800,4365071787,28/10/2021,03/11/2021
586,awinghamg9,rmonckg9@amazon.co.uk,Y0x9x3OBP,BA,5350446956,9317567049,14/07/2021,11/08/2021
587,xpearseyga,tthomega@nba.com,I5G2lVw0,DA,5316709660,0129722775,02/12/2021,19/02/2022
588,llippettgb,lmeynellgb@sina.com.cn,6607fN,D,5353494837,7085313463,25/10/2021,21/04/2022
589,fcoveneygc,whaxleygc@sun.com,BQzGMfd,D,5342202941,7485354031,13/08/2021,19/10/2021
590,teustisgd,ipolycotegd@cnn.com,NBVt6iJpvJ,BA,5355612268,7002260014,11/10/2021,15/05/2022
591,gflohardge,imcpaikege@nba.com,xJKrMHRv,DA,5371209631,1661381822,11/03/2022,09/03/2022
592,dquiniongf,gnuddsgf@smugmug.com,966iSk,D,5328988130,5557504408,04/03/2022,26/05/2022
593,frosenzwiggg,eivashovgg@bbc.co.uk,86RVmMl2kFAf,DA,5350883022,2336140522,30/03/2022,11/02/2022
594,hboultgh,lpolleyegh@uiuc.edu,BnDqww,BA,5396842581,3569656820,04/06/2022,01/12/2021
595,bleggottgi,nivanuschkagi@ow.ly,bPUMQ6,DA,5316059523,3287340966,20/05/2022,24/10/2021
596,tkarpushkingj,kudellgj@npr.org,gTBBIU0,DA,5341195534,1392402255,26/12/2021,30/06/2021
597,jcreesgk,egantergk@telegraph.co.uk,6RhBKRE,D,5359865670,0047495438,11/05/2022,04/07/2021
598,mcastertongl,acomptongl@epa.gov,etGy38TSQIW,D,5379755676,9306625939,26/07/2021,14/06/2021
599,kunittgm,bhaffardgm@instagram.com,jZVRb7887kqq,DA,5327819107,0201728588,11/11/2021,21/03/2022
600,sparsonsgn,cdavydzenkogn@indiegogo.com,49bt34Uf,D,5315668981,4251246059,04/11/2021,10/03/2022
601,cferrierigo,igurneygo@tripod.com,ONcaeNgYPcf,BA,5318380403,7217864421,03/10/2021,09/12/2021
602,mmiltongp,ebolergp@epa.gov,uOkSI4l,BA,5341725893,8539807353,21/06/2021,03/12/2021
603,jitzkingq,esympsongq@jalbum.net,htUOC1qeiJ,VA,5355844685,9884522906,07/12/2021,04/04/2022
604,klashmargr,rgurnergr@alexa.com,pVI8EjAzEau,D,5335578805,8788155733,05/12/2021,21/11/2021
605,mughelligs,alassetergs@mac.com,ASYP7OjXr,D,5389120515,2877600261,19/06/2021,23/03/2022
606,apatiencegt,nziemkegt@sun.com,wuUYGHCW9,DA,5325242958,3339354515,17/08/2021,29/01/2022
607,mroseburghgu,ugorigu@ft.com,9CSaFL639fx,SA,5363790453,6706695442,05/10/2021,11/02/2022
608,owhoolehangv,cmunrogv@diigo.com,IJhDX3Sw,DA,5318591486,5838092211,22/12/2021,23/06/2021
609,dcoyettgw,fkubistagw@yellowpages.com,pkiGz95AF,BA,5372110243,9836722845,09/04/2022,25/03/2022
610,adundridgegx,kleckygx@tinypic.com,0QviCm1,DA,5302690433,3689111036,30/10/2021,05/05/2022
611,rbowdengy,qcoringtongy@adobe.com,Uznfs4bcBk,D,5310354512,9909963901,10/06/2022,14/02/2022
612,hreagz,afilipowiczgz@bing.com,85xZxT2,D,5342568766,0422694351,23/02/2022,06/02/2022
613,hcanniffeh0,ealleynh0@netlog.com,cRbxRrR,D,5394792599,9092018344,06/09/2021,02/02/2022
614,jsheardh1,drihosekh1@weather.com,zDH6uvBB969o,D,5344701919,2938539757,16/08/2021,08/11/2021
615,rmapsonh2,rnewcomh2@flickr.com,PwqYE6UHTx,D,5376476289,1539705987,23/06/2021,08/07/2021
616,aneathh3,pdowyerh3@cafepress.com,HiDhDnIlD9,D,5300412207,0258962574,26/01/2022,10/06/2022
617,fhallworthh4,ctavinorh4@admin.ch,JUVmnFIP,D,5338455439,6339488225,27/07/2021,11/03/2022
618,oberisfordh5,jdurrellh5@ucoz.ru,pJTitipJWdB,B,5355301416,6771865546,17/12/2021,19/08/2021
619,ameekinh6,gbarentsh6@yellowpages.com,tyvMNMl7WH,BA,5382096557,7375865251,17/07/2021,21/04/2022
620,dduckerh7,sbetkeh7@thetimes.co.uk,nINKKLzjVC,D,5338862821,8534968665,06/01/2022,11/12/2021
621,lorsayh8,bkampshellh8@unc.edu,lqPwfBjB,DA,5303945924,6641781650,08/09/2021,27/07/2021
622,jleamyh9,bhadnyh9@pcworld.com,btWLUxc,D,5384576357,9566951637,21/06/2021,10/12/2021
623,acarvillha,tpaulerha@plala.or.jp,qTiT0mvZMct,DA,5352882699,1429963261,10/01/2022,25/04/2022
624,ecauleyhb,gsandaverhb@biglobe.ne.jp,LVzPHZtFmZT8,V,5308515515,4791798725,09/06/2022,07/06/2022
625,bfetteshc,pcorzonhc@wunderground.com,y8JCrbB,D,5383313390,0512865333,06/03/2022,23/10/2021
626,jholehousehd,kdrakeshd@buzzfeed.com,EeaI0Og,D,5391218584,2167721475,24/06/2021,15/02/2022
627,jregishe,cdowhe@unc.edu,taoYgPrGFvUj,DA,5326181341,9784745254,05/02/2022,23/07/2021
628,ledmonstonehf,bohingertyhf@etsy.com,PAusphQwVwD,D,5336307794,7320945709,29/10/2021,06/04/2022
629,emeenyhg,amingardohg@1und1.de,gC3fnm,DA,5396751484,6106162937,30/04/2022,03/07/2021
630,fskymhh,drappoporthh@exblog.jp,pkiWcsXpWKQQ,B,5370321336,3896007553,30/06/2021,04/05/2022
631,sivashechkinhi,ihurichhi@shinystat.com,u3hM7PChyYr,B,5333610129,9382766030,29/10/2021,29/01/2022
632,wshapcotthj,cdelanyhj@state.gov,SJmO9Z,DA,5382552571,8977328834,20/12/2021,16/08/2021
633,gabilowitzhk,lbainshk@topsy.com,dRClw8t,D,5359978361,1786385186,14/01/2022,01/04/2022
634,mfeltoehl,lcattinihl@mayoclinic.com,ZWQ4lfX7Kf,D,5357013703,4896028660,28/11/2021,16/12/2021
635,eettridgehm,cstalfhm@wikipedia.org,61SL0bOyDx,BA,5386602298,7904995147,09/06/2022,20/07/2021
636,elambshinehn,gcullernehn@gnu.org,tgjGNBy,D,5306181592,3801417590,19/10/2021,30/01/2022
637,equartermanho,ckapelhofho@ucoz.ru,u82RFOBSWe,DA,5335144709,1549455652,01/08/2021,08/10/2021
638,cspringhp,gkeohanehp@independent.co.uk,Hgp5Obxd1,SA,5334126294,4284714295,12/03/2022,22/01/2022
639,zzanottihq,rscaifehq@skyrock.com,6DtW5YC6i,D,5300500427,8158283932,04/09/2021,05/09/2021
640,jiveshr,sbroehr@cocolog-nifty.com,lW3KThcm,SA,5365715420,3677842952,13/12/2021,31/03/2022
641,ftolomeihs,vmacnallyhs@reference.com,oan1KSSX,D,5395310979,1854168723,05/03/2022,16/10/2021
642,etoffoloht,rewinght@hhs.gov,qk923eDqQjE7,D,5312889497,1400090243,09/12/2021,08/06/2022
643,jbeddishu,acordellhu@creativecommons.org,k1eZRuvNB,SA,5315405777,6966925482,01/08/2021,02/01/2022
644,cmaccollhv,btoyerhv@etsy.com,gTOEedcOCH,D,5337994159,9358593429,08/02/2022,26/05/2022
645,wwinmillhw,hdhooghehw@mapy.cz,34UqaNST,D,5339580321,8427111100,11/01/2022,08/11/2021
646,dmerritthx,vmaccourthx@virginia.edu,SY7lbAOPuC,D,5340143847,6831188723,24/08/2021,27/06/2021
647,mscholtehy,dpieterhy@spotify.com,COnCaxoT4,V,5314447395,6474129997,23/10/2021,29/05/2022
648,ohulancehz,tdelaneyhz@elpais.com,BxHpHaxZ,D,5399678361,1490125723,02/05/2022,10/05/2022
649,bmetterickei0,bshapcotti0@newyorker.com,IfQUu1g,D,5301688482,9417639877,05/03/2022,05/02/2022
650,hpaqueti1,htremblei1@microsoft.com,CgbUECVK1bu,DA,5380910782,3149415126,04/12/2021,30/07/2021
651,psowreyi2,rrydingi2@reference.com,THMHGbi,B,5385008059,0568400432,01/02/2022,29/05/2022
652,iironmongeri3,asuttlingi3@odnoklassniki.ru,MrIDdLv1,V,5389924941,4118721973,29/06/2021,13/10/2021
653,gboswelli4,kflintiffi4@hhs.gov,8YhNl0rE,D,5324849073,1552227238,22/04/2022,25/08/2021
654,flampi5,hcorballyi5@yandex.ru,9NLFrA8,D,5329003081,1336537258,20/07/2021,28/11/2021
655,npriddeyi6,vmcdonaghi6@unesco.org,3px4U2JfnRn,BA,5396977496,3756459465,03/10/2021,08/07/2021
656,ctreadgeari7,astanwayi7@cnet.com,RvnsLqC5Qlc,D,5339431253,8242862444,22/12/2021,07/07/2021
657,cgebuhri8,bfellgetti8@mtv.com,ouyUOkolA,D,5320681497,6029454225,03/11/2021,26/12/2021
658,apengellyi9,ssellwoodi9@slideshare.net,jr0i5aT5jg,D,5311348461,1132418311,09/10/2021,29/06/2021
659,smcleeseia,mragsdallia@xing.com,gaWhcg,BA,5312837417,5435262455,08/09/2021,22/02/2022
660,nmuspratib,ccolerickib@gov.uk,KcERYLg,DA,5345933033,7842274523,08/06/2022,21/02/2022
661,hfrancaic,sstedmondic@addtoany.com,IL9LaAHO,D,5353080527,2486061564,14/01/2022,13/12/2021
662,eanslowid,mneumannid@weebly.com,WLM1bSJvtV0o,D,5304823251,0391059916,18/09/2021,31/08/2021
663,mcavesie,nloadie@tripod.com,MI8aC3ba,D,5307065525,1059086298,16/11/2021,27/12/2021
664,sgrosvenerif,lvasovicif@scribd.com,K6VRyag,DA,5319929993,9210086145,05/07/2021,29/10/2021
665,arishbrookig,arustedgeig@bizjournals.com,bYwVphDV,D,5313226707,7377522720,22/08/2021,23/04/2022
666,emililloih,bandricih@xrea.com,RpDbrk,V,5369708889,4717864001,17/08/2021,03/02/2022
667,dmattiassiii,pdysartii@eepurl.com,1YrBuA4,V,5330803506,4383504206,12/08/2021,14/07/2021
668,dolleij,fostlerij@sitemeter.com,V0g1e6,DA,5348577526,0741597551,25/04/2022,21/10/2021
669,ksherwoodik,vrusseik@fotki.com,1t8vksG,D,5387584185,2444621590,10/06/2022,27/03/2022
670,mfernanandoil,hbirtwisleil@devhub.com,AxkdgsNAe,D,5381353547,1518279866,01/02/2022,27/12/2021
671,cbraunsteinim,gmcreathim@apple.com,LXuvNK,BA,5319187231,0625421142,16/12/2021,14/07/2021
672,jdaunterin,klawillein@freewebs.com,usOyQ5ABM,BA,5317240692,5956062355,06/10/2021,11/01/2022
673,alatchfordio,klemonnierio@webmd.com,AcXjGFqYxvWo,D,5314018211,8837051534,26/01/2022,24/02/2022
674,slampip,tjaimeip@sfgate.com,cI4byDkU8,DA,5315819636,4608918653,14/03/2022,03/05/2022
675,alabordeiq,wwhitecrossiq@blogspot.com,W3qCVTR0v,DA,5320115015,7723053985,22/03/2022,21/07/2021
676,dmixworthyir,dwillarsir@bandcamp.com,UhvH9CL,DA,5333750314,8603915491,27/12/2021,16/04/2022
677,bgreenheadis,lvipanis@google.nl,it9mp0v5t,D,5317379530,5511060380,01/05/2022,11/04/2022
678,csweetenit,jjenkisonit@mozilla.com,OLK1owOz,D,5316094791,7004154723,17/12/2021,12/04/2022
679,kbloxhamiu,hbrownfieldiu@unesco.org,wn0d1VF,D,5344258469,5468009493,16/02/2022,13/06/2021
680,abarrabealeiv,wvlasiniv@scribd.com,loIi22gQIV,DA,5346847711,5145890663,08/06/2022,12/08/2021
681,evasilenkoiw,lfennessyiw@4shared.com,Pmj7OItyb1,DA,5345538366,4379776077,16/06/2021,22/04/2022
682,eeakeleyix,ndarbonix@ucoz.ru,pxRrLHyBX7,D,5390128438,3566452385,27/01/2022,14/06/2021
683,kboneriy,dtomensoniy@pcworld.com,asliriRz,V,5319990569,3279326152,18/09/2021,16/09/2021
684,gbofieldiz,emckibbiniz@cam.ac.uk,o2FaSljoV,D,5331281022,8667890782,01/07/2021,06/07/2021
685,pglowaczj0,bkellerj0@wp.com,kAmcJm,DA,5310826403,5484424841,02/05/2022,02/12/2021
686,lcaulcottj1,aboastj1@bluehost.com,gUZ5hQ,D,5323715602,3005037988,23/07/2021,05/06/2022
687,omaggiorej2,osirej2@gnu.org,LFrGJe,SA,5374097968,1596423769,21/05/2022,09/06/2022
688,dwhittleseaj3,cblaasej3@who.int,4HJnE9jJ,D,5332932839,0548283451,17/04/2022,05/01/2022
689,nbagenalj4,ljennerj4@bravesites.com,KVl7bdF,D,5303628841,9789299344,12/10/2021,06/06/2022
690,jsimmillj5,iaymerj5@tinypic.com,KTEgXibwxfs,D,5343296927,5290804375,15/07/2021,25/07/2021
691,dtommeoj6,gbushellj6@delicious.com,4PCTBRi,D,5370871368,8617169435,04/01/2022,27/06/2021
692,tgorckej7,owernhamj7@jugem.jp,8fTWqqkEA,B,5344221234,1294752611,24/02/2022,12/05/2022
693,ocumberpatchj8,thawkswoodj8@japanpost.jp,0XyJPI9Wt,D,5323112384,2373331851,10/09/2021,16/04/2022
694,fendriccij9,tschruyersj9@unc.edu,fK3gtkl80H,DA,5355790893,4354428563,27/11/2021,07/09/2021
695,klofthouseja,vcallowayja@mashable.com,Oa8wktOh7ii,D,5309155857,5732245146,19/10/2021,24/10/2021
696,npantryjb,pmalenoirjb@answers.com,xTKKr3iZHz,D,5354616276,8540386757,17/11/2021,04/05/2022
697,sbroadnickejc,gclappisonjc@craigslist.org,CYhwMVrST7b,DA,5336821858,4239715936,04/08/2021,24/02/2022
698,ctomleyjd,rcragelljd@hibu.com,NosO8JBe,D,5394621561,5377703519,08/11/2021,11/05/2022
699,hharbottleje,mmaplethorpeje@nydailynews.com,ixTUveUJDn,DA,5343420310,8204269062,24/11/2021,06/01/2022
700,npiwelljf,amarjotjf@icq.com,C8YekQ6P8Tbk,D,5343158330,8563862237,07/12/2021,29/11/2021
701,pnelthorpjg,dharkinsjg@ezinearticles.com,CTPlSEiYRH,DA,5337277540,9704918600,14/10/2021,10/05/2022
702,ubalasinijh,msperringjh@go.com,pw06go7,D,5314827865,2009599666,11/05/2022,15/11/2021
703,frohmerji,dgiovanardiji@istockphoto.com,m7eFRiwup,D,5337840750,3626439901,03/09/2021,11/04/2022
704,abagenaljj,ldumbeltonjj@cafepress.com,soimxL,BA,5364657500,1759401125,22/07/2021,29/03/2022
705,nsagarjk,rtrattlesjk@stanford.edu,PUqZEzhn0EQL,D,5318141742,7989608277,28/09/2021,01/09/2021
706,mjoslandjl,mblomfieldjl@mozilla.com,uspc8i8nz,D,5368290125,9134116394,10/11/2021,25/03/2022
707,jhusonjm,mstrangjm@squidoo.com,uuwfJbuPyx,B,5314105975,1913672991,18/04/2022,27/02/2022
708,pemminsjn,ejakabjn@nhs.uk,tQz0f9UUl,BA,5396119432,1028482043,16/08/2021,25/10/2021
709,slazenburyjo,aparkhousejo@wikipedia.org,2mzeOF0hO,D,5391004563,8960507955,20/02/2022,24/04/2022
710,dbraziljp,hgerrietsjp@google.com.au,FLNCJbr,D,5396953744,5690790922,09/08/2021,13/08/2021
711,kpreblejq,mblindejq@dell.com,8pB7f9Ufm,BA,5328411414,9706868129,26/05/2022,17/06/2021
712,tcradocjr,egreerjr@virginia.edu,kkKi2v,D,5399322095,4900189185,03/05/2022,04/04/2022
713,fscuttjs,gbaissjs@geocities.com,C7ghHvGA,D,5321388053,0458449347,26/06/2021,05/07/2021
714,rsmowtonjt,etoplinjt@cloudflare.com,yF765C,VA,5390596149,8450027073,15/09/2021,12/05/2022
715,cpaysju,ccomerju@webnode.com,NvS6YWqxy,SA,5391310860,9939559477,27/09/2021,25/03/2022
716,bdennisonjv,kwoodersonjv@cmu.edu,R8Grku,B,5348429781,4015597105,09/01/2022,23/02/2022
717,jcrossejw,lambrosinijw@howstuffworks.com,7vqlaA,D,5344854892,0824113090,11/04/2022,04/03/2022
718,trivenzonjx,gjoburnjx@redcross.org,yVlRPxsf,DA,5330116349,0227775728,29/10/2021,30/05/2022
719,dthrippjy,tsarginsonjy@oracle.com,BqDw6r9bXWO,DA,5304238855,8975016065,07/05/2022,18/05/2022
720,otarbinjz,mborehamjz@china.com.cn,nutik9mJ9,B,5365023094,4793135212,15/08/2021,30/11/2021
721,wjeandonk0,lsharnockk0@e-recht24.de,dctNxshvRu,D,5321692858,4162703704,03/12/2021,19/04/2022
722,crisboroughk1,lhardacrek1@cafepress.com,6yLku6,B,5360670383,2547962951,14/07/2021,28/01/2022
723,gdowersk2,kriguardk2@go.com,Sfo40KFLWJk,DA,5352551632,8649771536,09/10/2021,02/07/2021
724,dsikorak3,csergeantk3@samsung.com,KwNl1CPVQsw,D,5302609829,4776970447,27/09/2021,29/01/2022
725,mharfootk4,sworksk4@pbs.org,3pqOOMBeRB,DA,5326669816,8874029570,15/03/2022,01/07/2021
726,fleverettek5,gkayk5@tripadvisor.com,EusAOgk2IKDC,B,5343921503,1654479238,12/04/2022,23/07/2021
727,rlightewoodk6,lmcnyschek6@arizona.edu,WFLrNJZMVji,D,5341849226,9684821612,03/02/2022,09/09/2021
728,tkleinschmidtk7,ltinsleyk7@t.co,ezIibgLGg,D,5347604139,3008486433,26/01/2022,05/06/2022
729,iverricok8,sgreenhaughk8@booking.com,UTZr7j,DA,5320045499,2193952812,18/02/2022,13/02/2022
730,itidbaldk9,bnoark9@typepad.com,yfzxxgoTEWBL,D,5310770108,6733286235,25/03/2022,07/05/2022
731,mhartilka,meschalotteka@gnu.org,HxARiD7jz6sd,D,5304411743,3525638773,06/11/2021,24/06/2021
732,spettyferkb,cridoutkb@washingtonpost.com,3mrQHBrI,BA,5334923938,9033509126,30/08/2021,08/01/2022
733,wjacobkc,dwalworchekc@typepad.com,GlCsUkd,D,5308793563,1349856312,14/06/2021,06/10/2021
734,tdillingstonkd,wganleykd@mapy.cz,GYyr65TaebI,DA,5310042095,5268230409,23/05/2022,26/02/2022
735,droundtreeke,aingleseke@exblog.jp,TQ5DnN2xpoSZ,D,5381062234,6539024052,08/08/2021,26/05/2022
736,sandraskf,mbeekekf@topsy.com,2SvmYd,D,5382599154,2182835204,03/07/2021,06/01/2022
737,gorielkg,nstilingkg@last.fm,uv0sa11Y0rF,D,5365117474,4535720040,05/02/2022,24/01/2022
738,aolahykh,sshanleykh@mapquest.com,c8W5pKaGN2,D,5396116404,9141521112,22/02/2022,09/02/2022
739,cbillyardki,dlevetki@weibo.com,TWyKOa1e,D,5331526795,4157407514,23/11/2021,29/04/2022
740,njobbingkj,rmoyleskj@hhs.gov,jT2QuJIP2Kh5,DA,5373771144,7365428466,17/03/2022,11/02/2022
741,gairtonkk,gmacnucatorkk@aol.com,05pMQz,D,5382848228,0940225765,09/03/2022,20/04/2022
742,gteresekl,rlearmouthkl@desdev.cn,JMztjU,D,5393944524,9448882726,05/01/2022,29/05/2022
743,qyeldonkm,dchottykm@hubpages.com,Ua1Z2s1pm,BA,5321125146,2060250991,01/12/2021,26/02/2022
744,enockallskn,ggonzalvokn@buzzfeed.com,q8T9h4Qe,D,5333484151,3648231938,14/04/2022,30/09/2021
745,ocharltonko,jhallwellko@rediff.com,fH43GWfL,D,5314992719,8419362430,18/07/2021,30/05/2022
746,hwheildonkp,gbonaviakp@europa.eu,D5t5Lw,D,5345278589,6590204194,25/06/2021,28/12/2021
747,hflackekq,kboldenkq@domainmarket.com,cATA2rV,D,5301209954,8932351602,15/08/2021,31/05/2022
748,wwranklingkr,jinstrellkr@europa.eu,VCgm9fxEi,DA,5314912975,9875684865,22/11/2021,16/02/2022
749,mblydeks,lroperks@examiner.com,g0EY8NXG,D,5305891629,2001422433,10/05/2022,01/01/2022
750,cgoldhawkkt,sgirodiaskt@ebay.co.uk,Ep4Gfn3nL7xY,DA,5392701636,8067733608,09/08/2021,03/06/2022
751,lgiberdku,bdinceyku@webmd.com,Atn4H7,DA,5366396836,1099004431,19/03/2022,04/01/2022
752,rfurmingerkv,dlongworthykv@nature.com,re2rXzRlE2LS,D,5340803064,9566537157,05/06/2022,29/04/2022
753,vrollinshawkw,taishfordkw@canalblog.com,ghYGz27i,DA,5348590694,2872946187,17/03/2022,28/09/2021
754,gbrignellkx,roverlandkx@ebay.com,WVtxCy5,DA,5378075843,4510127696,24/01/2022,24/07/2021
755,edrustky,searleyky@nhs.uk,zgydfQj7,BA,5383894931,0420290544,29/10/2021,10/10/2021
756,kcaronkz,eschaperokz@networkadvertising.org,iLZAMzbzaQ,D,5308895381,4760543310,05/05/2022,19/11/2021
757,jpuckhaml0,bbreedel0@boston.com,6VqQXr,D,5312991639,2773355598,21/05/2022,18/05/2022
758,arathbournel1,gbuistl1@businessweek.com,EzKN035,V,5316762564,6884273608,19/08/2021,16/04/2022
759,wbillel2,bargabritel2@bizjournals.com,xMYqm8,B,5358352869,8627659369,11/05/2022,06/03/2022
760,cbenechl3,gchichgarl3@youtube.com,lUcwcCa,D,5311758804,4876265865,23/06/2021,28/04/2022
761,gknightsbridgel4,scomerl4@nsw.gov.au,JeGJayk,D,5308008986,0306927883,23/06/2021,03/09/2021
762,chanbridgel5,gkinnochl5@facebook.com,LXvKSkZw,D,5340057334,2754399877,25/04/2022,18/03/2022
763,bdashperl6,shavikl6@yahoo.com,CqbHgl,D,5328908687,0440439113,15/01/2022,13/06/2021
764,enortheyl7,igoodhalll7@webmd.com,0pc2al3s3KfZ,DA,5304344354,0341823444,13/02/2022,21/03/2022
765,dgavriellil8,blempennyl8@illinois.edu,KZYCBJ,DA,5303433215,0344151427,09/02/2022,05/09/2021
766,vallderl9,mloucal9@chicagotribune.com,ijkC8tV,D,5302031600,3025867746,10/01/2022,25/03/2022
767,hosuairdla,abarnacloughla@eepurl.com,pUmbId6V,DA,5337801296,9472247845,07/05/2022,13/12/2021
768,rhurnelb,rwhewelllb@e-recht24.de,NyMsiYTV,DA,5396156618,0104438285,22/07/2021,01/03/2022
769,hallowaylc,agillardlc@marketwatch.com,KEHWjLuki,D,5343048051,3879134452,03/05/2022,28/09/2021
770,dwilkisonld,bgoozeeld@skyrock.com,UB7y2Y5FGJYY,D,5313450597,0845147459,16/08/2021,01/04/2022
771,cwasbroughle,oguyerle@google.nl,ao9cdqw,D,5369294621,8020233347,10/01/2022,13/09/2021
772,lpogglf,jmellenbylf@ucoz.com,Mha5YppLgdA,D,5384541405,5613503537,04/05/2022,15/12/2021
773,dgordongileslg,gvargaslg@ow.ly,AoNVVRRazX,D,5382419449,5064037234,20/02/2022,21/12/2021
774,dbamberlh,ttremblotlh@samsung.com,SHMQos3b,BA,5326626577,6571982487,18/08/2021,07/05/2022
775,cblackborneli,achretienli@elpais.com,OoAYqg,SA,5300275172,4468376422,01/10/2021,26/09/2021
776,gavrasinlj,ametherelllj@e-recht24.de,QcLHMwjlO,D,5376270005,2446508615,03/11/2021,05/08/2021
777,mmeekinlk,qdanaherlk@cam.ac.uk,nbLM7dm,DA,5387481488,0217433269,03/05/2022,20/02/2022
778,bgallichiccioll,speirpointll@theglobeandmail.com,4yuaMa91df,B,5318351041,2467044916,28/09/2021,20/01/2022
779,btessierlm,bspirrittlm@merriam-webster.com,UgceP19MZ,D,5382162581,0842711054,02/01/2022,25/01/2022
780,gscopynln,bkatzmannln@shutterfly.com,sx5eQOoGTT,D,5326518033,8752904437,03/11/2021,29/04/2022
781,cflasbylo,efaulkslo@bbc.co.uk,Yk1uc6,D,5355474605,6879234998,15/02/2022,03/10/2021
782,cfoulkeslp,rmelleylp@icio.us,mtYEJxU,D,5368326500,5418545505,27/04/2022,15/09/2021
783,jwotherspoonlq,tbraithwaitlq@xrea.com,Qh14E0y3a0,D,5355956177,9614649712,21/05/2022,20/07/2021
784,xgronwlr,geyrelr@over-blog.com,ctKOc5oXn1,BA,5362211078,6379618566,26/06/2021,07/04/2022
785,bbaverstockls,jgerransls@hostgator.com,emh8vb8QbRB,D,5324696865,7628915524,19/01/2022,05/10/2021
786,hgaullt,ryvenslt@examiner.com,tCCA9ck,DA,5320616365,6700322531,02/08/2021,02/11/2021
787,bodunniomlu,fyoodalllu@privacy.gov.au,Io5Q2pP,D,5348158937,6788659894,13/01/2022,02/10/2021
788,lmarcamlv,abelsonlv@jimdo.com,BNnZ0foe1Bap,V,5365514841,2771311500,09/11/2021,01/02/2022
789,mthonlw,vpleweslw@vinaora.com,2EWWijjo,D,5360835754,6952489348,18/10/2021,17/05/2022
790,fgiereklx,avasyutichevlx@slate.com,bcQsQLd,D,5356050487,8996777212,28/08/2021,19/07/2021
791,wpinchingly,mservicely@buzzfeed.com,OcOKNa,D,5332056914,6807971252,05/08/2021,28/06/2021
792,anoweaklz,mpeyeslz@shop-pro.jp,eOIO0R4fi,D,5335816277,7758848713,07/10/2021,26/05/2022
793,cspurrm0,fdempseym0@vinaora.com,xenxQ74vo1,D,5342705002,2732059710,30/11/2021,21/01/2022
794,cmerrallm1,pplevenm1@alibaba.com,8p2FatA2YLf,B,5305447556,2483771234,26/05/2022,17/06/2021
795,rgabbitasm2,lmewrcikm2@homestead.com,Ipy7Xe9csdoR,DA,5341555323,2537053062,24/06/2021,19/10/2021
796,cmarrianm3,azaniolettim3@dyndns.org,5YozCn,BA,5346504607,9733063441,20/12/2021,05/01/2022
797,mmerrettm4,mgraveneym4@tripod.com,2ODqsR,B,5357402021,8032577012,02/01/2022,13/05/2022
798,jsmailm5,hcaghanm5@berkeley.edu,Bu2zDqpm5Io1,DA,5356819972,3601730328,23/02/2022,01/01/2022
799,spottellm6,gkneesham6@wikia.com,CiJ94n5dnQap,D,5366844753,5605617956,06/06/2022,04/11/2021
800,aprescotm7,egroddenm7@foxnews.com,ElVs992Ko,DA,5308896027,9520051474,20/06/2021,31/07/2021
801,cmoricanm8,kbrookesm8@edublogs.org,X2dzLNj7S,D,5369421495,6360870942,15/03/2022,26/08/2021
802,kchapelhowm9,rashpolem9@mapquest.com,4gZrrjQ,DA,5333978003,7020453803,24/07/2021,11/09/2021
803,csherrma,emacekma@fotki.com,ISHXFfSKYD,DA,5395201961,9385893641,11/09/2021,06/01/2022
804,nrabidgemb,vturnellmb@ftc.gov,QhHZq7YOK,DA,5315066326,1258672462,23/04/2022,02/01/2022
805,mkowalmc,ahaightonmc@eepurl.com,mb80NNGhTm,D,5334006364,6795585526,20/11/2021,23/05/2022
806,moloughranmd,cdebruynmd@nationalgeographic.com,mRfzsIQxFytJ,D,5392222852,0707992640,28/08/2021,27/04/2022
807,cspinime,jkimbroughme@shareasale.com,Nib6Z1QkGH,D,5303161753,4756825271,06/12/2021,28/01/2022
808,zbuttersmf,ngolightlymf@tumblr.com,WtuE07,DA,5375717667,0504444679,17/04/2022,31/10/2021
809,hmifflinmg,acowderaymg@hao123.com,tiNZgB4D0Rvl,DA,5311362941,0507132725,01/05/2022,01/10/2021
810,ebeachammh,debimh@state.tx.us,6IJfnmJRkc,DA,5371189884,5285238281,03/02/2022,16/10/2021
811,jharcourtmi,avernallmi@addtoany.com,t9AnBWdIMJr,V,5392490613,8726027201,25/10/2021,13/04/2022
812,ajaneckimj,jpottberrymj@ucoz.com,kROJvbYaRWR,D,5321010037,4601445193,27/12/2021,12/06/2021
813,ltomaszewiczmk,kwreakesmk@ustream.tv,sBDFkJaPY,BA,5381612271,0636121044,29/10/2021,27/05/2022
814,ddowdallml,femigml@yahoo.co.jp,hwuCgXh,VA,5312416325,6814082964,28/06/2021,14/04/2022
815,awindersmm,bloynsmm@icio.us,yAXTDCizS,VA,5362676106,0490208265,15/03/2022,02/10/2021
816,kpaulusmn,siredellmn@myspace.com,jA7mrml,BA,5332261789,0327561774,22/02/2022,30/06/2021
817,srzehorzmo,cmettsmo@sourceforge.net,F87FYXl2lZ,D,5343427009,8047675717,03/02/2022,10/09/2021
818,mwyleymp,kaugustusmp@weibo.com,ufzArXs3P,DA,5359935290,7888790386,17/01/2022,26/08/2021
819,kdrynanmq,snolleaumq@pbs.org,AL4uAmoLNvy,BA,5387183407,3333679674,23/03/2022,09/06/2022
820,dslocombmr,mpiscopellomr@odnoklassniki.ru,5fT9GYFS,B,5338238454,9479879722,02/12/2021,06/07/2021
821,janthoneyms,jgaggms@de.vu,MRkgtcQ,VA,5304817932,7697102320,19/06/2021,11/09/2021
822,kspellmanmt,nwetherheadmt@hexun.com,oeCf9y,DA,5384882819,0194729873,01/01/2022,30/11/2021
823,ccasselmu,pbarnacloughmu@huffingtonpost.com,iWEjHgfyWSHK,DA,5365316610,1165306531,14/03/2022,05/03/2022
824,cdawberymv,rdrayseymv@japanpost.jp,5HN6D98UarKW,SA,5361557670,2069812699,09/03/2022,11/02/2022
825,cremermw,apleavinmw@trellian.com,qPnxKCGXSS,DA,5301610509,1524566287,23/04/2022,03/02/2022
826,crizzardinimx,jakrammx@amazon.com,SwgjJk,D,5339605423,3035483779,19/05/2022,01/11/2021
827,ebreitlingmy,kcobleymy@washingtonpost.com,5ZcMJf,DA,5363935139,8134569687,25/11/2021,11/05/2022
828,dgarlantmz,cjadosmz@google.co.jp,PGEvAeBy,SA,5389042297,2533046473,10/03/2022,15/04/2022
829,mglancyn0,whovardn0@google.com.hk,jnCNB0tl,D,5387477638,4398681201,19/04/2022,10/01/2022
830,pbaurerichn1,edowseyn1@usda.gov,TISr2VanMup,D,5354459489,9705577916,24/01/2022,03/03/2022
831,dlivingstonn2,cmorrottn2@ehow.com,raMJ4r6P3U8,D,5375413288,6848970516,08/07/2021,08/05/2022
832,kwildmann3,pkilbyn3@google.es,Qbf3YJ,D,5363558637,2044379604,13/10/2021,20/08/2021
833,klantiffn4,hbracknalln4@deliciousdays.com,f8bAdicHaa,BA,5328989321,8887247055,23/12/2021,21/10/2021
834,ericksn5,mcressern5@phpbb.com,stD9y1mrrF,BA,5329143711,1741828593,26/07/2021,23/05/2022
835,acovottin6,moregann6@studiopress.com,6brEDFHRWsQ,DA,5368272171,3756397280,29/04/2022,16/06/2021
836,wklawin7,jleasen7@wikia.com,7ptFddNyEby,D,5322664194,3119054496,27/10/2021,24/09/2021
837,iderricon8,rwaskettn8@biblegateway.com,51HHgU,DA,5366343997,0183955545,06/04/2022,13/10/2021
838,brodgern9,lkedien9@msn.com,ZLSkZw1ga,D,5323651633,6728192587,24/10/2021,21/04/2022
839,hivankovna,cspiniellona@goo.gl,coQGCv6Iw,DA,5330524501,9291024466,20/04/2022,21/01/2022
840,jdecentnb,gbauchopnb@dot.gov,pUJW3O,DA,5313739368,3496018538,29/05/2022,07/11/2021
841,dfindlownc,sboughennc@wsj.com,L3G1As0Wlm,DA,5376020451,5358788549,03/05/2022,30/04/2022
842,emcareaveynd,dsummonsnd@devhub.com,BjSyF3HWR,D,5383585222,0415635799,29/01/2022,14/07/2021
843,kmckinleyne,rcristofolinine@home.pl,jqH1x1d,B,5316436434,4377382141,28/09/2021,23/01/2022
844,jakroydnf,jfredianinf@bloglovin.com,v39wWxFsaQcb,DA,5303737022,6127045171,16/02/2022,13/03/2022
845,klaurantng,bromansng@irs.gov,NuGgh5Fyi,DA,5319567719,6176775357,13/07/2021,29/04/2022
846,ccassiusnh,vculwennh@sciencedirect.com,itdlj9UvnM,D,5322930672,1988403979,25/10/2021,11/09/2021
847,rhammanni,fshipwayni@php.net,gdca9EQmh,B,5314209713,7096559315,12/03/2022,19/05/2022
848,smasarratnj,mstallworthnj@cam.ac.uk,O11Z6WxNc9RN,D,5317810643,0241962351,10/07/2021,10/12/2021
849,fscreachnk,rwikeynk@thetimes.co.uk,sg54UkGY,DA,5336151820,9880382986,25/08/2021,11/07/2021
850,ccornillnl,blilienl@freewebs.com,hQcUOZQiFET,B,5373703588,4735936140,26/02/2022,30/05/2022
851,jpethicknm,svialnm@walmart.com,yJ2cvq,D,5323438204,0192363564,24/10/2021,29/10/2021
852,cbollisnn,nfirmannn@about.com,2Mj5pQ,DA,5359757585,0285818221,15/07/2021,25/07/2021
853,dwehdenno,rcoutthartno@youtube.com,xIdYViV,BA,5353291929,2501674967,01/02/2022,19/12/2021
854,dshadfourthnp,iwardropenp@yahoo.com,HZPEt2tjjd,SA,5312560746,0370982932,15/04/2022,19/10/2021
855,akanzlernq,dborrownq@posterous.com,cDSueZKUM4,DA,5360769020,0795872625,20/08/2021,17/07/2021
856,ncartmaelnr,obrickdalenr@alexa.com,7J93ZKCa,BA,5388012060,2711975584,23/11/2021,23/03/2022
857,preadingsns,agarrardns@umich.edu,urYS8Uc,D,5378010989,5345290755,25/12/2021,09/05/2022
858,kdambrogint,nlucasnt@github.io,K2cu4lEi6k9,DA,5321841072,2348868669,25/01/2022,27/04/2022
859,htoffelnu,mduffittnu@purevolume.com,I22Iep2h,BA,5357657452,5984998212,15/09/2021,21/06/2021
860,bmccathynv,bmompessonnv@europa.eu,J1C8ePQvisku,BA,5304634239,1501741078,29/07/2021,08/06/2022
861,jtschierschnw,egreenstednw@de.vu,wEiKMevdQ,V,5352015782,3714229433,21/10/2021,19/08/2021
862,ckerfutnx,rwedgbrownx@illinois.edu,ZpxcBL,DA,5312396129,8542203465,01/11/2021,13/11/2021
863,ybraemerny,gcoltartny@ow.ly,tu34Rk,D,5311702903,3716990204,21/10/2021,20/09/2021
864,sspringallnz,jkillichnz@blinklist.com,HSQuAc8xM0u,DA,5313987545,9134449814,25/03/2022,16/08/2021
865,emacmeartyo0,bcoyo0@statcounter.com,NgVm1E3T,D,5326497751,3532065530,07/06/2022,01/07/2021
866,lmanueleo1,mtrinkwono1@miitbeian.gov.cn,9c4JPRb273M,D,5333043347,4715720879,03/06/2022,05/01/2022
867,tsouthamo2,bbrighteyo2@oracle.com,sGfGZl,DA,5329874770,9009350563,12/04/2022,14/01/2022
868,adesimonio3,cgortono3@foxnews.com,6PLuLFDOp9,DA,5303527692,8925514520,26/09/2021,03/08/2021
869,vcalteroneo4,socannovaneo4@google.com,nbu4oX,D,5377350802,7129490944,19/04/2022,24/12/2021
870,hratleeo5,pskedgeo5@typepad.com,WDgBjLb,D,5384875608,3296810638,03/04/2022,17/03/2022
871,sfluryo6,eorrockso6@behance.net,FvMmG1F,V,5303040461,9535744885,05/06/2022,01/11/2021
872,bthaimo7,aparsello7@microsoft.com,0PFd4PW,BA,5322227853,1666280416,20/02/2022,27/09/2021
873,calliotto8,dhuxtero8@msu.edu,awSVtkLArxu,D,5382468406,5149356404,11/06/2022,05/01/2022
874,amcneeo9,kpaskino9@spiegel.de,ptM1CUiF,D,5394000710,3801997625,31/07/2021,01/04/2022
875,gmeriguetoa,amaccaughenoa@hao123.com,xoJggQ2,DA,5355464927,0619595534,09/04/2022,28/04/2022
876,tbloomfieldob,rpawlettob@cafepress.com,EIu7eFS,D,5344999660,2584355645,13/04/2022,11/02/2022
877,mkilfordoc,rziemenoc@macromedia.com,rBNPtwNPu,V,5358427388,2747584671,19/04/2022,17/03/2022
878,rbindonod,sendsod@smugmug.com,63dwTb1Z6,DA,5346844390,0995522316,23/06/2021,12/03/2022
879,lbrecknockoe,bjeffelsoe@walmart.com,PHDMSECAQ,DA,5326050530,2713926757,21/01/2022,11/08/2021
880,bheenanof,spechacekof@nature.com,CsogYflaeIZ1,DA,5360552498,3066852061,17/02/2022,15/07/2021
881,raldersog,jskallsog@qq.com,6akXrDb4ss3u,DA,5366631784,4896843527,01/02/2022,30/04/2022
882,nbeckinsaleoh,cwrideoh@house.gov,xEKZISv,D,5306198202,8079938710,24/09/2021,10/09/2021
883,wbranneyoi,gbuggoi@barnesandnoble.com,xDmnCOx1jkMo,DA,5380804010,9719967975,01/12/2021,07/01/2022
884,fmcbrieroj,vevendenoj@ed.gov,kSneGlP80B,DA,5364821440,7359953875,06/08/2021,27/03/2022
885,esatchok,jmartelok@stanford.edu,hkLVn39T73,D,5398117127,7210054190,02/05/2022,18/04/2022
886,emctavishol,sholdol@ibm.com,94YscIb7,DA,5366726521,2745755214,24/08/2021,16/10/2021
887,ihurneom,awillcottom@mapquest.com,t2Z1qyGD,DA,5312154354,4623039931,09/04/2022,08/04/2022
888,dvizardon,cbamberyon@epa.gov,Hp9dCHaT,B,5360767655,3970448242,10/11/2021,13/09/2021
889,astegeroo,ggounodoo@ibm.com,36cLOF8eTgU7,DA,5330312947,4731830342,25/03/2022,02/04/2022
890,felnoughop,ecadlockop@mit.edu,MYJWDnzuMl,D,5389018379,4775901471,25/02/2022,27/10/2021
891,vvigneoq,hbratleyoq@angelfire.com,8Q2wssd6,BA,5367456097,6851057103,31/08/2021,21/12/2021
892,sheersmaor,lthurskeor@eventbrite.com,IAp2cUPArn,V,5372977648,0846107106,04/10/2021,20/09/2021
893,cfarragheros,elovelaceos@icq.com,ovxDZJEE,D,5348854842,1475501946,17/01/2022,24/11/2021
894,jbickfordot,ayeabsleyot@upenn.edu,FEQTSk88adab,DA,5343200682,4618638427,16/12/2021,01/11/2021
895,tlindheou,vfaustou@tuttocitta.it,15VV490Yum,VA,5365512671,6573428698,19/11/2021,06/06/2022
896,cpickerinov,hmosbyov@cnet.com,aBAKF9VG,DA,5364853874,9469765736,08/03/2022,29/07/2021
897,astofferow,waudenisow@wordpress.com,RWgGQ86ULe,D,5332338829,3263471514,03/02/2022,11/01/2022
898,lriltonox,aryleox@scribd.com,OZCL4nFq4hA,D,5336194035,2019550840,26/09/2021,02/02/2022
899,aizattoy,dcarveroy@foxnews.com,z43cjdfqaiag,D,5351920036,4121870832,11/03/2022,05/09/2021
900,lberwickoz,nfoukxoz@biglobe.ne.jp,6yLrVNj3z,D,5346853978,1790202469,16/01/2022,07/02/2022
901,dcharplingp0,lbowenp0@timesonline.co.uk,iRQOOn,DA,5344960489,1139032199,29/06/2021,05/07/2021
902,eabrahamip1,wkilmurrayp1@vkontakte.ru,cYKDwIfVj,B,5344925997,1700879098,05/03/2022,21/09/2021
903,holeszkiewiczp2,tdederickp2@home.pl,YP6gHmXEXtr,DA,5352523657,7144325789,05/11/2021,16/11/2021
904,aslocump3,bvenmorep3@netlog.com,GM1G1W6,DA,5349549601,4582286023,26/09/2021,24/04/2022
905,rspurdenp4,cmccreep4@shop-pro.jp,CsqiuI30V,D,5375120243,0443927687,01/08/2021,13/11/2021
906,sdallawayp5,estegellp5@meetup.com,Y5t6Htio8,D,5376123403,8562130751,09/05/2022,22/09/2021
907,cilymanovp6,bjacquotp6@walmart.com,s6NEOf7i,D,5306356627,0960019481,08/03/2022,27/05/2022
908,ekennawayp7,sforcadep7@t-online.de,SdLYku247QM,DA,5321551798,5505513745,12/10/2021,19/02/2022
909,furvoyp8,dannisp8@google.it,aez1wlGsH,V,5317203744,6590391705,01/12/2021,14/06/2021
910,egrenep9,bsnaddenp9@exblog.jp,3WPLamIqQG,BA,5382407827,4732742149,21/03/2022,02/10/2021
911,lhustingspa,gleaknerpa@china.com.cn,2qZgqVBHZnk,D,5366022733,4688735829,12/01/2022,18/08/2021
912,cdalmonpb,ocancellieripb@apache.org,49IohGfyWQG,D,5320559460,4235661965,28/04/2022,29/06/2021
913,cboolerpc,bbulgerpc@linkedin.com,ay9J0gA,D,5308706912,2115729356,10/05/2022,31/12/2021
914,rpedlinghampd,cchurchingpd@nytimes.com,UgatRD7EEOKu,D,5397581097,4198787196,09/05/2022,23/01/2022
915,jcoundleype,plaffinpe@wufoo.com,bxasH5,SA,5383406675,8069024850,20/04/2022,05/04/2022
916,mkleinerpf,sboheypf@guardian.co.uk,P87UuMTRX,DA,5360952529,5380878280,12/01/2022,23/07/2021
917,bkampshellpg,lkenerpg@pen.io,LdT4BxxJ9KyK,SA,5331236151,4109990418,29/05/2022,09/04/2022
918,cmathwenph,thillinph@macromedia.com,D5PqPY,D,5330844206,6025172950,23/04/2022,08/04/2022
919,fcratpi,rschmidtpi@ow.ly,4qGwcY,BA,5368076294,3188946910,26/06/2021,29/12/2021
920,kfeuellpj,klocklesspj@sciencedaily.com,1KefIHFE27n,DA,5399960540,1079606674,08/03/2022,27/08/2021
921,lkastingpk,nheinopk@parallels.com,ozX42xF,B,5301094641,8468934620,13/01/2022,06/02/2022
922,clinkinpl,amcgurnpl@amazon.com,go1De6,B,5385061382,0233716540,12/06/2021,13/06/2021
923,kstruttpm,tsollnerpm@skyrock.com,WZlYEEoRuExa,V,5396120511,4684933903,04/10/2021,04/04/2022
924,apalerpn,lenrichpn@php.net,AEcthHXTZfft,BA,5383726391,7912952128,20/04/2022,14/09/2021
925,xjellymanpo,bfreynepo@deliciousdays.com,GWfY4E,D,5389433559,0457551443,08/04/2022,11/07/2021
926,hroffpp,npringuerpp@nifty.com,yEAXZ5ESP,SA,5312329031,0218217822,10/02/2022,09/02/2022
927,bhazeldenpq,phavillpq@youtu.be,F5XBvF,D,5375337922,8168688699,03/12/2021,18/08/2021
928,gmahonpr,dmaggiorepr@creativecommons.org,4gObDS,DA,5331574460,3610615229,02/05/2022,16/02/2022
929,wcabrerps,cjolliffeps@salon.com,DAiYHjv,DA,5389814404,5788136251,04/10/2021,27/08/2021
930,tludwellpt,jreesonpt@dedecms.com,MhTmn1EQmX,DA,5386992788,5084888529,16/06/2021,19/05/2022
931,rnewlynpu,fchippindallpu@github.io,8S8UUe5iSMB0,D,5337609381,9487279801,31/01/2022,21/09/2021
932,kfincipv,cshynnpv@nasa.gov,tg0zJ6gQmPS,BA,5392726174,7721139862,10/08/2021,23/02/2022
933,fsoamepw,awetterpw@ihg.com,5oGuEk,DA,5368007198,6470560618,04/08/2021,14/04/2022
934,lbussypx,ssylettpx@scribd.com,ldWs23XhnHLY,D,5349405651,4455519446,24/07/2021,01/08/2021
935,lcarlickpy,ifernaopy@disqus.com,apqzgN0HoET,D,5363026924,2349688400,21/09/2021,19/09/2021
936,cbarrarpz,rewenpz@jalbum.net,xatHHc,DA,5367005563,4510972563,08/07/2021,10/12/2021
937,pbolgarq0,vskurmq0@desdev.cn,iVQlPTIrunC,D,5337390744,5961332060,06/06/2022,07/09/2021
938,dardronq1,ijoynesq1@jalbum.net,fY3Ysfns1Mj,D,5399596436,9237984209,26/01/2022,06/04/2022
939,pmayheadq2,acleyburnq2@bloomberg.com,MddQUE,D,5385772267,5399722134,19/03/2022,30/07/2021
940,gbatisteq3,glemmeq3@noaa.gov,g7Q4df4y1,DA,5307291578,4392869252,17/04/2022,01/05/2022
941,teltoneq4,lsherreardq4@issuu.com,bIviY9mhY8x,D,5392795571,5280325731,29/11/2021,15/06/2021
942,ctoppasq5,dspollenq5@disqus.com,hdekQFxqRHtB,V,5395283765,1279115630,28/09/2021,16/01/2022
943,krumbleq6,fjulianoq6@unicef.org,5ITbyeMc3V,DA,5328916517,9310883209,07/05/2022,06/12/2021
944,dtrehearnq7,ckuhlmeyq7@github.com,DjPP0HBcWVKZ,DA,5394186985,4178886066,26/10/2021,16/07/2021
945,tmacandrewq8,nsetchfieldq8@instagram.com,F8jzKd,DA,5359458436,0155968557,04/05/2022,01/04/2022
946,rsollowayeq9,jromeq9@photobucket.com,9ag6Scg,D,5316513973,9450867947,27/09/2021,05/04/2022
947,kyurenevqa,jlondorsqa@delicious.com,K8S7FWztMCdu,D,5354893760,3301336343,29/10/2021,28/11/2021
948,zpickinqb,kcowellqb@mysql.com,aUGCZIJ,D,5343028578,2914384597,28/08/2021,08/02/2022
949,scapelingqc,dkevernqc@amazon.de,C3VXN6e,B,5387439385,3180002728,25/09/2021,08/09/2021
950,dchessorqd,mgatelandqd@apache.org,lN6w7Y2Xj,D,5337809513,2044271731,27/01/2022,21/02/2022
951,slarnerqe,rcockayneqe@timesonline.co.uk,f4TsuQttJFsU,DA,5337461046,0835646580,27/01/2022,05/02/2022
952,mwagerfieldqf,dgaberqf@dyndns.org,R2nUU1,BA,5388976686,8398472543,12/05/2022,26/11/2021
953,wcalderonelloqg,astanbroqg@163.com,nplrprhRNx,D,5369111635,5947541609,09/10/2021,11/03/2022
954,dwilkissonqh,fprayqh@oakley.com,gNnJeqh6Zl,D,5362211425,1948567013,01/12/2021,05/09/2021
955,gpasslerqi,cmushartqi@livejournal.com,CR3BD8UD3U7I,D,5378299834,7302604881,20/04/2022,02/06/2022
956,sputtrellqj,jespositaqj@stumbleupon.com,Dc7roWi92UUn,B,5371277460,3078039228,11/10/2021,13/01/2022
957,vblannqk,gtedahlqk@yahoo.com,p1ldY5u2W,D,5363291053,7639081129,28/01/2022,19/02/2022
958,tcoppql,bklawiql@newyorker.com,ulDdSx,D,5303245211,8720780241,24/02/2022,10/02/2022
959,lwimbridgeqm,bwallengerqm@phoca.cz,7qE7jy8L6,DA,5355655521,8608900127,11/03/2022,06/11/2021
960,crichensqn,cvanbruggenqn@independent.co.uk,L1nrm8L1Ea,DA,5352735286,8398207911,12/11/2021,03/12/2021
961,alawlingqo,cdochertyqo@360.cn,VFlHoP8kMLiJ,DA,5377037754,3402185870,10/12/2021,16/11/2021
962,mcastelotqp,ldroughtqp@psu.edu,rwm28iqk,BA,5358377397,0168757403,17/11/2021,02/08/2021
963,rnanettiqq,npogsonqq@utexas.edu,gVSxXP9cQ,D,5365636494,5371642962,06/10/2021,23/06/2021
964,ainglissqr,mbeachemqr@skyrock.com,rKacvuCNEzI,D,5340652370,2736265245,27/02/2022,04/02/2022
965,ufernantqs,btomkissqs@va.gov,6tPRZvr,BA,5353866930,2526212131,07/09/2021,29/01/2022
966,rruckqt,tlowthianqt@photobucket.com,JNMexv,D,5321191857,6798567659,26/04/2022,01/05/2022
967,dcraythornqu,cbrymhamqu@un.org,xwLTwMOSy,D,5319185934,9848655379,08/07/2021,20/04/2022
968,zadanetqv,emudgeqv@goo.gl,dnc93gO40d,D,5333776685,3517490819,21/04/2022,22/02/2022
969,tlungeqw,ameiklejohnqw@lulu.com,gu9XLFL,DA,5312348322,8456343407,26/04/2022,04/02/2022
970,hwardropeqx,apiccopqx@fastcompany.com,a4eHdYUEe,D,5321881252,2540852839,28/02/2022,19/06/2021
971,edomsallaqy,rcampelliqy@yahoo.co.jp,YX6bhezHEnFk,D,5335325972,4711584743,26/01/2022,30/09/2021
972,mhamfleetqz,rkolakqz@businesswire.com,dm3xiKvI3,D,5304232037,9178325725,15/12/2021,16/03/2022
973,dtogwellr0,izellandr0@webs.com,yHN0qBaPFJb,D,5375268213,2813077796,09/03/2022,17/08/2021
974,swhitehurstr1,cingr1@amazon.de,0esnAwa9H,D,5365438931,9110158240,31/12/2021,06/11/2021
975,hredfieldr2,kkuhnertr2@meetup.com,pflWQ90,BA,5382698565,9760761047,03/04/2022,19/08/2021
976,tbarenskir3,djorckr3@vk.com,3zxQ413,D,5385464429,7263949230,18/11/2021,30/07/2021
977,tespinalr4,cdogertyr4@arstechnica.com,bjjo4f,D,5370270541,0882368422,27/06/2021,24/05/2022
978,jmcauliffer5,erigbyr5@google.co.uk,Kt3g09RI2m,BA,5373194897,3880568865,18/08/2021,20/07/2021
979,kswalwellr6,vmallanr6@about.com,BD9dEsmk,B,5351405807,8762325786,12/05/2022,02/09/2021
980,mkenwardr7,cshemminr7@baidu.com,5PJsZPeK86qW,D,5373816360,8617136868,11/02/2022,10/11/2021
981,dfitzsimonr8,mmadgwickr8@multiply.com,pePfdGLJ,D,5379909134,2104570242,29/08/2021,31/10/2021
982,gacoryr9,mmacourekr9@time.com,hiOFOqC,BA,5300520960,8066823654,03/08/2021,05/05/2022
983,lscullionra,kgongra@ucoz.com,QFz7Cy,D,5343158591,7584555555,29/11/2021,05/03/2022
984,hbaccuprb,mbartolomeonirb@geocities.jp,imsrEqHRavw,DA,5375268188,7756266875,10/03/2022,17/05/2022
985,bleemanrc,eerridgerc@techcrunch.com,E7aB2tKqDLBI,B,5396097922,4466634982,29/10/2021,06/05/2022
986,aboverrd,phardestyrd@geocities.com,pEmBYs7Gu1,D,5339394752,7351625755,13/01/2022,08/04/2022
987,rfraniesre,dgarronre@slashdot.org,Y9IVs44Z,DA,5354041544,6010144011,22/06/2021,25/08/2021
988,htattersdillrf,jwaslingrf@paginegialle.it,40g8McVDa,D,5304885889,2787920982,25/06/2021,07/03/2022
989,amccunnrg,lschroterrg@discovery.com,j1mw10t7He,B,5390677869,8215713379,22/03/2022,24/08/2021
990,hmartindalerh,rminmaghrh@xing.com,kQ47dNU,DA,5333635534,5656713339,14/11/2021,09/06/2022
991,sbaddeleyri,bkehriri@paypal.com,vuuFh11Lw,DA,5340736838,6570514724,08/03/2022,28/03/2022
992,dteidemanrj,cstarkingsrj@cloudflare.com,8cc0VI,BA,5301572327,5893805407,09/08/2021,04/02/2022
993,egraberrk,bheigoldrk@hostgator.com,cXN0JUmM,D,5316316581,1250083350,23/09/2021,07/05/2022
994,ddustrl,sloughranrl@omniture.com,ETqd7z35Sm,BA,5360037828,2831029432,13/01/2022,26/04/2022
995,dferenczirm,mpedgriftrm@virginia.edu,n4Rvhaz,DA,5362227410,0514364651,04/02/2022,10/04/2022
996,valyoshinrn,bgarmstonrn@drupal.org,K9oMb17QAe5,B,5374437253,2028496747,01/07/2021,15/06/2021
997,lbrahmro,wfawleyro@cdbaby.com,NeUZGu,D,5395397312,0400947796,23/03/2022,04/09/2021
998,rpaulichrp,mpharerp@mail.ru,JEQIth,D,5311269827,7606364563,20/12/2021,16/09/2021
999,aweakleyrq,gstovesrq@techcrunch.com,NhAUea1FKHi,B,5382350085,8356090253,07/02/2022,02/11/2021
1000,pdegowerr,mdesportrr@google.it,2iltOBYL,D,5327324138,0578085582,02/08/2021,25/06/2021
