id,name,attribute1,vendor_id,created_by,updated_by
1,obienvenu0,derision's,438,146,379
2,edelagnes1,barrelling,94,457,262
3,ktinkler2,instructed,210,281,864
4,nfantini3,beautified,636,500,162
5,sreadman4,automatics,367,367,774
6,amogenot5,irreverent,689,860,990
7,rwigelsworth6,attentions,61,749,641
8,aivannikov7,protracted,303,673,495
9,abernadon8,slovenlier,196,915,309
10,deddison9,arraigning,624,486,399
11,ekearlea,professors,141,885,514
12,ehanhardb,sauerkraut,340,37,65
13,kpagelsenc,inhabiting,272,534,208
14,rrodriguezd,warehouses,392,544,134
15,mberthomieue,chemical's,331,398,453
16,xonslowf,underlay's,751,357,671
17,ldavsleyg,extricates,437,606,946
18,eraseh,glossaries,798,856,629
19,vikringilli,highland's,992,77,367
20,rgorhamj,helplessly,974,854,490
21,shinkenk,vandalized,374,560,194
22,vvarleyl,squandered,376,469,302
23,mfrigotm,allegiance,182,13,830
24,clatesn,shrewdness,92,772,757
25,abeeseyo,compulsion,319,65,821
26,jchastenetp,downstream,953,553,92
27,bbrattyq,tricksters,536,222,857
28,tboribalr,material's,10,183,307
29,btaberts,milligrams,78,51,871
30,cbowdlert,imperative,627,569,736
31,craffeortyu,rebuilding,405,276,994
32,ksunshinev,Halloweens,377,865,186
33,aevreuxw,humility's,282,532,166
34,kmontillax,coronary's,809,946,786
35,hsmilliey,grindstone,868,385,660
36,mpardewz,sculptor's,149,741,876
37,aeglin10,subverting,731,922,729
38,jalessandrini11,germinates,516,765,406
39,rwennam12,reproduces,67,33,897
40,sdockreay13,forearming,124,291,968
41,kromi14,distress's,909,816,541
42,gthwaite15,crayfish's,226,492,6
43,blampaert16,bandwagons,587,834,926
44,jtreversh17,procession,841,265,401
45,nox18,eminence's,695,823,982
46,bmiroy19,fragment's,421,2,471
47,mlenham1a,attendance,304,580,959
48,vcolliford1b,illusion's,872,311,222
49,oleak1c,breakables,11,39,927
50,hvernazza1d,exporter's,704,493,918
51,vworsfield1e,bisexual's,354,270,455
52,kschultz1f,quadruplet,663,997,177
53,oaffuso1g,negativing,592,472,404
54,khamsley1h,obtainable,730,175,561
55,btranter1i,brassieres,86,790,954
56,mjennins1j,furthering,153,642,913
57,shardey1k,quadruples,861,577,396
58,tgarthside1l,laceration,233,600,110
59,vbenjamin1m,deafness's,329,376,421
60,kdarcey1n,belongings,680,435,936
61,defford1o,behavior's,919,386,364
62,gcowey1p,gruesomest,682,473,294
63,nscotchmer1q,possession,309,522,161
64,ccrickett1r,deodorized,98,64,942
65,tbanbridge1s,blackout's,989,245,207
66,tdawnay1t,pheasant's,127,852,614
67,abownde1u,suggesting,605,462,814
68,nprestney1v,newspapers,498,189,880
69,afirks1w,tightening,38,141,852
70,codonovan1x,mainframes,290,873,569
71,cakram1y,jaywalking,954,622,382
72,yemslie1z,rationales,916,119,819
73,adando20,committees,757,150,9
74,ccoleborn21,eventually,855,745,702
75,tkeelan22,tabulation,30,739,931
76,schatwin23,calendar's,423,50,310
77,lmarsie24,impairment,109,788,340
78,irice25,stabilizes,140,914,337
79,cdaventry26,expectancy,580,433,388
80,mshave27,contraband,278,112,522
81,mhaughton28,starchiest,412,449,984
82,ffitzmaurice29,renovating,384,47,261
83,bbaldcock2a,readership,21,158,165
84,mearly2b,impunity's,657,3,868
85,jokieran2c,interludes,165,148,696
86,cpetters2d,sprinkling,283,709,777
87,eborkett2e,conclusive,311,71,996
88,lkenwin2f,regressing,906,692,980
89,azorzin2g,polarizing,767,323,709
90,oponder2h,alphabetic,898,176,203
91,kcockton2i,windshield,166,886,293
92,nverriour2j,discolored,946,235,962
93,dmaster2k,dumbfounds,185,387,952
94,acardenoso2l,downtown's,255,42,930
95,fpeltz2m,germinated,451,665,906
96,mberrey2n,fireplaces,671,943,454
97,iroblou2o,teaspoon's,546,792,324
98,pveal2p,advantaged,551,342,295
99,efilyukov2q,integrates,760,443,991
100,vyosselevitch2r,transpires,295,654,489
101,dkuhwald2s,postcard's,427,338,369
102,tcurran2t,collection,477,573,392
103,aedgeson2u,subverting,783,667,580
104,vpleven2v,connectors,478,470,944
105,rpococke2w,subscriber,360,920,973
106,rmapplethorpe2x,foreigners,697,22,113
107,jshimmings2y,bootlegged,556,572,90
108,mbadham2z,shortening,213,597,325
109,jphebey30,dynamite's,811,557,137
110,hkosiada31,affiliated,715,94,844
111,yosmund32,architects,612,48,634
112,rdilawey33,wholesaled,65,634,128
113,usaffin34,protestors,73,83,154
114,treggio35,stampede's,224,837,879
115,hchampe36,ostracizes,529,912,640
116,cflanaghan37,overhang's,85,476,57
117,kcollar38,custodians,419,613,129
118,gkid39,betrothals,487,420,111
119,srisso3a,weakness's,386,296,719
120,fcalbaithe3b,overrating,970,769,381
121,vmilkeham3c,misprint's,315,802,402
122,cgrigoire3d,towellings,913,571,80
123,mdonkersley3e,astronomer,285,60,657
124,cgaskill3f,inordinate,981,970,187
125,gvalentino3g,straight's,925,660,416
126,nfurphy3h,solidified,485,334,673
127,dhennington3i,infectious,71,84,917
128,myeowell3j,monumental,502,75,680
129,tsibthorp3k,stretchers,717,230,508
130,wschult3l,captioning,137,257,78
131,hspellacey3m,watersheds,630,620,67
132,mfaustin3n,gossamer's,942,408,407
133,laugar3o,duplicates,737,402,36
134,khalliday3p,prostrated,361,29,49
135,elossman3q,allocation,685,724,7
136,bstallen3r,intersects,905,137,955
137,rharmes3s,prejudiced,428,529,534
138,ndosdale3t,decapitate,887,726,754
139,mcrookall3u,transgress,396,199,579
140,gmattingson3v,measurable,14,855,24
141,ivasilechko3w,prophecies,186,784,135
142,estracey3x,accelerate,49,695,481
143,llomen3y,horoscopes,1,669,415
144,ssuggate3z,suspenders,948,591,975
145,fmccue40,responsive,639,601,117
146,daxby41,duplicates,722,775,298
147,ateasdale42,containing,108,193,288
148,tlighterness43,defendants,103,187,545
149,rthoresby44,maverick's,448,95,804
150,hwaber45,structural,951,973,987
151,bmacginney46,enlistment,289,901,100
152,akender47,accordions,746,825,391
153,bapril48,accomplish,544,631,487
154,cblackman49,throughput,237,209,806
155,jislep4a,coherently,721,206,183
156,skennaird4b,mediocrity,79,380,384
157,goman4c,squabbling,734,682,353
158,creville4d,decoration,362,208,703
159,pitzkowicz4e,admonishes,631,685,217
160,sstorry4f,interior's,969,429,790
161,srilston4g,investment,39,384,530
162,iarnoult4h,artificial,189,383,639
163,hpray4i,ecumenical,500,308,607
164,fbenedite4j,advisory's,818,166,903
165,pweldrake4k,profounder,248,171,491
166,mstratford4l,neutralize,944,756,153
167,rrobel4m,bridesmaid,755,548,733
168,katter4n,personable,625,902,446
169,gduckhouse4o,misreading,574,397,993
170,cteodoro4p,overheated,147,779,229
171,njahn4q,veterinary,779,546,330
172,gmckendry4r,exercise's,225,426,355
173,mfairholme4s,population,611,278,615
174,bbroune4t,defensible,880,628,214
175,mreisenberg4u,complexion,102,549,333
176,gbalchin4v,gyration's,520,479,886
177,ngregon4w,lifeguards,839,285,717
178,mrubega4x,sanctity's,505,848,484
179,abrooke4y,callousing,845,35,763
180,drayment4z,compliment,808,467,529
181,wbaudasso50,splatter's,720,700,900
182,psoden51,paperbacks,436,822,901
183,jcalvie52,hostessing,799,928,66
184,dtrahar53,prophesies,176,992,582
185,idilke54,surveyor's,457,859,511
186,ckleanthous55,crayfishes,871,105,354
187,lparke56,bandanna's,607,938,40
188,ofishley57,enveloping,863,121,950
189,vhockell58,mistrusted,401,409,689
190,bluparti59,chipmunk's,615,541,734
191,cpullin5a,editorials,297,649,603
192,amcvaugh5b,snickering,655,646,48
193,gbennoe5c,affordable,762,505,282
194,scutts5d,battalions,772,213,60
195,emilesap5e,outshining,594,737,91
196,caxtonne5f,organist's,908,771,945
197,cforrester5g,stowaway's,667,857,659
198,sjurczik5h,pronounced,698,570,538
199,jmacmenamie5i,zigzagging,223,379,312
200,ekoschek5j,synthetics,482,602,608
201,scornelleau5k,difference,548,72,171
202,tforshaw5l,retirement,344,556,618
203,apulver5m,cataclysms,812,967,323
204,ccaffery5n,homophobic,515,773,725
205,tdougharty5o,invaluable,984,360,795
206,hcotilard5p,prostrates,859,954,612
207,cgoodsal5q,visitation,105,229,856
208,mstave5r,optician's,326,812,41
209,krief5s,depression,499,924,89
210,dbransby5t,clothespin,616,753,176
211,rdadds5u,obtainable,267,233,345
212,vpalister5v,concrete's,892,497,510
213,slambol5w,fumigating,429,703,30
214,springuer5x,remodeling,619,878,64
215,ddigges5y,chaperoned,333,295,753
216,bcasperri5z,elevator's,271,201,941
217,npellamont60,defender's,209,691,3
218,ahamments61,despatches,480,963,301
219,amundow62,withdrawal,206,288,684
220,ahousby63,adornments,997,377,951
221,cmingey64,slingshots,890,254,877
222,cizac65,magistrate,584,161,377
223,aschroder66,legalistic,274,412,683
224,cbalaisot67,underpants,962,969,663
225,gwardingly68,physicists,753,722,701
226,mvell69,disfavored,738,315,360
227,bsyphas6a,acclimates,128,138,376
228,phessentaler6b,severances,903,574,242
229,pweekland6c,bluebird's,219,706,999
230,kfogel6d,annotating,286,904,533
231,klambrechts6e,undertaken,958,644,995
232,pdaft6f,predefined,801,448,611
233,bfulton6g,waterproof,921,809,81
234,crochell6h,congresses,522,760,198
235,ghemphall6i,regulation,279,92,97
236,kstedmond6j,dressmaker,470,80,572
237,tlaunchbury6k,impossible,345,251,818
238,aminci6l,panellings,129,547,914
239,pbowne6m,hedgehog's,858,836,304
240,rnare6n,postulates,833,116,631
241,htolomio6o,catapult's,941,122,542
242,jhayter6p,vibrations,139,256,497
243,gochterlony6q,hilarity's,562,177,664
244,eiacovuzzi6r,quadrant's,744,608,831
245,ajeroch6s,megabyte's,353,537,267
246,nogan6t,postcard's,389,128,114
247,rbarroux6u,outfield's,910,587,419
248,lcomi6v,irreverent,28,676,374
249,gpiaggia6w,longitudes,621,490,956
250,dtapson6x,facility's,187,629,714
251,wwraxall6y,aquarium's,136,273,31
252,fdolton6z,homicide's,838,565,796
253,aligertwood70,articulate,590,964,322
254,bhinnerk71,paperbacks,221,96,168
255,cjoss72,invitation,450,748,592
256,dsenchenko73,frequenter,395,588,771
257,csterzaker74,annotation,400,944,420
258,achidlow75,criminal's,243,102,233
259,acarnock76,disclosing,417,461,908
260,psouthouse77,invaliding,601,696,782
261,kkonerding78,contractor,678,447,949
262,kmassinger79,vegetarian,806,144,524
263,dwoonton7a,handbook's,41,79,71
264,kkleinmann7b,redressing,735,635,427
265,kboyd7c,exaltation,622,255,801
266,emacgaughey7d,qualifiers,790,942,412
267,areggler7e,accurately,167,801,156
268,tdrakeley7f,injunction,966,480,626
269,wchapman7g,proffering,15,164,854
270,tdominka7h,subscripts,633,927,668
271,drosebotham7i,leveraging,273,645,289
272,bphysick7j,erection's,988,717,466
273,scroizier7k,fruition's,230,252,552
274,shaye7l,cataract's,168,439,201
275,gleacy7m,stepladder,897,309,767
276,amazzey7n,formulated,232,478,803
277,hjoret7o,circuitous,794,815,159
278,edarley7p,daylight's,88,351,632
279,kturfus7q,cullenders,348,730,881
280,cgrimes7r,graduate's,441,869,810
281,ksapsford7s,misplacing,561,12,227
282,dricharson7t,influenced,976,389,221
283,nhirth7u,chaperones,59,236,358
284,hwalworth7v,substitute,703,883,230
285,ktwinbrow7w,lightnings,199,68,904
286,dlumbers7x,testifying,571,330,560
287,gburfitt7y,inhabiting,851,423,509
288,nnorthfield7z,proponents,708,697,792
289,mmounsie80,concourses,466,217,536
290,khannabuss81,flapjack's,754,937,63
291,bmilington82,macaronies,504,337,727
292,lmacshirie83,passengers,16,185,862
293,cmckilroe84,critique's,143,512,14
294,tplunkett85,insomnia's,180,280,737
295,acoomber86,repeatedly,293,887,297
296,kjarritt87,incubation,758,283,606
297,rtorrance88,anything's,121,797,723
298,nhukin89,buttress's,728,806,716
299,kwhatford8a,coarseness,314,896,778
300,oguilloneau8b,injustices,743,130,598
301,gogus8c,unaccepted,651,204,898
302,bteese8d,grievances,359,535,98
303,ckosiada8e,adherent's,119,395,841
304,eleport8f,proficient,469,835,601
305,clafferty8g,elliptical,642,781,540
306,lzecchinelli8h,countrymen,456,699,448
307,eswindells8i,diarrhea's,275,897,321
308,psturman8j,landscapes,635,249,652
309,nbernardelli8k,specialist,747,907,650
310,uslyvester8l,warehoused,242,223,934
311,dpeidro8m,headroom's,694,519,591
312,ahrinchenko8n,attendants,45,966,361
313,rroyste8o,cherishing,564,427,746
314,kepinay8p,confirming,856,170,521
315,labbis8q,flanneling,934,715,428
316,rnutten8r,yearning's,97,690,141
317,arosin8s,underlines,987,952,749
318,ccallendar8t,contacting,802,995,507
319,kgristhwaite8u,maintainer,828,225,259
320,cpearle8v,translated,677,840,878
321,sjackalin8w,assembly's,302,824,628
322,lmuzzillo8x,wickedness,291,704,670
323,schase8y,delivering,857,984,791
324,acheatle8z,racetracks,866,955,58
325,vfisby90,domestic's,415,768,332
326,eeversley91,bricklayer,537,658,260
327,wcoxall92,smallpox's,53,320,23
328,fgowland93,backpack's,383,169,2
329,xdorgon94,delivery's,20,953,928
330,coloshkin95,prostrated,464,575,694
331,lsprionghall96,favorite's,670,585,38
332,rtwine97,assurances,784,400,985
333,chayne98,pronounced,521,286,873
334,hgeffcock99,doctrine's,257,563,20
335,gogborne9a,ambience's,582,279,363
336,lkidby9b,magnitudes,533,11,344
337,bdiaper9c,snowstorms,188,679,581
338,jricciardello9d,aphorism's,814,858,745
339,wnutty9e,ornamented,390,214,271
340,cofarrell9f,homeless's,883,980,870
341,arable9g,postponing,23,839,891
342,dlebatteur9h,positively,191,770,318
343,bcropper9i,vaccinates,17,609,502
344,hovenell9j,traitorous,748,740,468
345,cconvery9k,conspiring,894,69,104
346,llavarack9l,expatriate,917,85,190
347,nneely9m,captivates,939,502,258
348,kharsant9n,gumption's,238,668,824
349,bporte9o,concession,726,347,314
350,bbrighty9p,corporal's,244,417,526
351,rpfeffle9q,conscience,550,349,380
352,lhugnot9r,teamster's,126,755,501
353,afitzsymon9s,obligation,600,440,780
354,ftristram9t,portrait's,1000,881,181
355,mflowers9u,promontory,352,850,151
356,fmattiessen9v,biological,43,99,911
357,ckarpenko9w,scoundrels,649,396,543
358,akillick9x,integral's,37,446,25
359,alamont9y,irritant's,240,317,400
360,cbeecker9z,processing,66,590,609
361,adunmuira0,dedication,443,405,444
362,dratiea1,euphemisms,70,266,277
363,jandrionia2,eigenvalue,312,994,547
364,mmorrisha3,mollifying,557,302,195
365,jrennarda4,alarmist's,446,898,150
366,gbielfelda5,appraisals,208,299,431
367,abentsena6,windfall's,58,316,12
368,rboylunda7,rhapsody's,397,362,436
369,fmeatesa8,laceration,318,186,493
370,nmcconachiea9,foodstuffs,163,871,74
371,fhannahaa,snowstorms,135,81,145
372,mkissackab,vaccinates,559,319,872
373,fivattac,compulsion,104,831,571
374,dturrellad,retrospect,572,989,4
375,iwillshawae,dissolving,197,434,855
376,bheasemanaf,gracefully,251,32,247
377,kjanaszewskiag,forestry's,134,53,813
378,klaundonah,rehearsals,195,972,905
379,chandesai,inactivity,69,516,422
380,snormabellaj,chandelier,586,910,829
381,rtrainak,experiment,111,172,130
382,aismeadal,priority's,699,718,494
383,jmenghiam,captivated,462,267,105
384,efulkeran,pastoral's,752,798,518
385,pcottillao,offshoot's,494,893,500
386,rcarwardineap,fluttering,200,415,698
387,efrearsaq,disrespect,435,271,370
388,ftuhyar,desolation,554,562,807
389,lmathysas,delegation,76,134,362
390,hbernocchiat,fireplaces,465,683,974
391,jrosenbushau,coastlines,19,236,576
392,mspunerav,copyrights,732,327,30
393,gverrellaw,national's,598,245,716
394,bguitteax,manifested,746,428,103
395,dmatisay,recruiting,209,939,723
396,mreaceaz,painting's,483,447,132
397,kgwynnb0,goodness's,32,508,813
398,jwrinchb1,horoscopes,357,974,825
399,ctilbeyb2,classifies,228,72,160
400,uschleicherb3,reproaches,915,811,464
401,lathersmithb4,preferring,771,193,41
402,mcastiglioneb5,misfortune,796,1000,454
403,fglanvillb6,collateral,897,85,396
404,gguidettib7,thoughtful,662,610,562
405,bborgbartolob8,convulsive,516,710,444
406,aoppieb9,registry's,387,485,56
407,edmychba,decorators,849,264,775
408,mkanwellbb,manicurist,862,117,120
409,cespleybc,bloodhound,706,590,61
410,tcounihanbd,infectious,351,566,865
411,atrenchardbe,colander's,986,155,845
412,hmargiottabf,monitoring,603,837,625
413,loulettbg,quantifier,689,533,903
414,kbowmerbh,appetizing,394,218,433
415,pklessebi,crawfishes,712,289,486
416,gsisnerosbj,reschedule,974,206,428
417,tmoreingbk,peroxide's,29,739,660
418,nkeniwellbl,platinum's,925,191,599
419,bsowmanbm,turbulence,637,956,958
420,ccorssbn,wildlife's,504,779,161
421,atenauntbo,sacrificed,124,326,873
422,awhittickbp,hillside's,571,796,511
423,cstortonbq,tolerances,427,499,347
424,mtevelovbr,unreliable,142,357,548
425,htennockbs,pioneering,444,99,97
426,wclemowbt,progress's,376,591,285
427,bmarqyesbu,rediscover,374,425,749
428,kdunnbv,crayfish's,56,877,914
429,dlokerbw,incarnated,317,589,338
430,htwaitsbx,suntanning,523,125,155
431,radamby,springiest,720,11,163
432,lwalklingbz,inexorably,570,463,931
433,fscuttc0,roughening,495,55,481
434,nickovc1,generating,896,645,377
435,spengelleyc2,annoyingly,714,761,261
436,ahamelc3,aphorism's,519,98,606
437,scharnockc4,slingshots,665,304,52
438,kcordingleyc5,morphine's,998,197,94
439,emosbyc6,announcers,268,429,697
440,fvasilievc7,kidnaper's,898,363,479
441,cdumpletonc8,alarmingly,127,880,95
442,bvanhovec9,mainstream,84,523,233
443,llooneyca,protracted,709,238,461
444,msiddellcb,fledgeling,903,621,18
445,cenrdigocc,faithful's,972,337,266
446,valloisicd,protestant,148,579,652
447,sroderighice,telegram's,367,741,751
448,amcilhonecf,vertebrate,982,943,419
449,icorssencg,reproduces,372,350,589
450,esimonych,banqueting,511,166,317
451,jbleadenci,confronted,344,74,378
452,dmattiussicj,additional,485,526,283
453,jarlidgeck,presenting,324,807,421
454,hhanniganecl,restrained,79,940,530
455,rdonnellycm,stagnation,480,703,327
456,ngillamcn,carnivores,971,584,453
457,usisslandco,rejections,625,897,470
458,bsibbertcp,desolation,842,727,290
459,spietzcq,enormities,728,628,500
460,elelievrecr,surrenders,52,714,309
461,tloancs,undertakes,910,729,43
462,mguihenct,paralyzing,814,167,880
463,abeabycu,innovative,725,48,739
464,pburburycv,candidates,719,687,582
465,hstraughancw,electron's,954,397,671
466,hdionsetticx,ancientest,555,108,864
467,bbrundlecy,grapevines,23,296,838
468,aivanyutincz,bottomless,763,103,518
469,abradnickd0,atrocity's,727,214,860
470,nmcgillivrayd1,prostrated,832,990,31
471,gseathwrightd2,uniforming,325,705,632
472,kmintond3,pleasuring,799,394,793
473,rkleiseld4,headmaster,201,631,884
474,tkortd5,rebuilding,86,2,757
475,kexrold6,semester's,783,646,804
476,pkneed7,staunching,592,194,392
477,acarragherd8,blacktop's,581,486,899
478,snewsond9,cherishing,650,562,802
479,nlebournda,solidified,197,471,111
480,bgrinindb,enchanting,957,398,987
481,dtrenchdc,February's,247,483,277
482,ggrinsteaddd,doldrums's,739,174,868
483,mslatefordde,extricated,503,920,217
484,edronsfielddf,thereafter,981,36,86
485,jlimeburndg,rhapsodies,791,316,834
486,tcoverdaledh,lacquering,669,144,296
487,jdillingstonedi,cessations,123,282,441
488,nelgydj,derelict's,205,576,634
489,ddunleydk,seminaries,281,128,289
490,amagoverndl,downtown's,882,417,568
491,jtelferdm,goldsmiths,753,953,503
492,dpittledn,vanguard's,336,123,202
493,tepslydo,underneath,434,571,411
494,mfilasovdp,repayments,107,224,28
495,bduigandq,astonished,350,256,87
496,aitzhaiekdr,blundering,78,759,759
497,elarcherds,shortage's,303,348,499
498,lattenboroughdt,anarchists,240,958,263
499,lcootesdu,ingraining,754,930,50
500,mleaverdv,conquerors,113,619,883
501,elarrosadw,retreating,793,828,738
502,epridhamdx,incoherent,515,988,300
503,ltolcharddy,juggernaut,167,178,514
504,gpilburydz,advertised,694,414,833
505,mbathowee0,speedboats,346,614,861
506,aprestere1,impervious,392,255,54
507,nchmiele2,slackening,999,993,282
508,wendone3,triplicate,577,967,237
509,pmarnere4,meticulous,959,405,901
510,djoreaue5,vegetation,16,952,630
511,tcurleye6,productive,101,319,216
512,asandersone7,demagogues,572,431,871
513,liannelloe8,hemophilia,8,467,947
514,jbortoluzzie9,obstructed,798,388,343
515,rgisbournea,enactments,314,172,424
516,eoweneb,stagecoach,767,270,32
517,opoverec,liturgical,173,376,204
518,lfiltnessed,newfangled,825,364,538
519,mtriswellee,enlistment,413,301,513
520,glambshineef,admittedly,510,179,180
521,bbaudryeg,contortion,680,3,545
522,proebottomeh,extracting,437,496,719
523,kcuerei,offender's,802,681,682
524,grittmeierej,deplorable,475,717,449
525,bchecchetelliek,completely,402,61,975
526,bgaydonel,transgress,731,445,19
527,vcollingem,corporal's,393,21,168
528,aowttrimen,proprietor,874,985,655
529,lbetteo,programing,886,980,193
530,pquilkinep,crucifixes,900,305,197
531,rrennickseq,conclusive,326,733,1000
532,cbakeweller,permissive,253,63,353
533,tdysteres,gratuities,738,577,157
534,sgossingtonet,emigration,338,851,667
535,omoreteu,quartering,621,210,153
536,mbulteelev,ostensible,546,599,803
537,clazarusew,randomness,568,853,272
538,wgrenkovex,descendant,940,518,8
539,mdilgarnoey,inaugurals,540,929,598
540,mshawez,recuperate,970,613,656
541,kslightf0,capitalist,958,742,525
542,edawtref1,quadruples,863,510,687
543,dgeramf2,nutriments,632,555,983
544,egilyattf3,corrosives,618,573,546
545,lsandsf4,predicting,543,334,458
546,kburnelf5,knockout's,633,164,319
547,hsneadf6,dilation's,790,870,626
548,ttunkinf7,rhetoric's,873,641,276
549,fgrimsteadf8,intangible,939,479,425
550,emathousef9,disposal's,639,165,293
551,ggerardeauxfa,coverage's,530,343,358
552,vsiebertfb,negation's,938,989,13
553,aracinefc,pushover's,539,603,624
554,fbundeyfd,weightiest,7,358,10
555,ebrandofe,exuberance,597,66,846
556,kboribalff,barbecue's,221,783,244
557,rpraillfg,skirmish's,265,667,89
558,jchownfh,clattering,654,356,642
559,vfraynfi,madhouse's,310,278,979
560,phalshofj,sanctified,872,5,348
561,mbauldryfk,satellites,226,977,138
562,eharewoodfl,convenient,246,699,42
563,lhedgesfm,resumption,140,574,819
564,bmasurelfn,antiseptic,691,47,431
565,acohanifo,likeness's,788,118,468
566,kkilfedderfp,redressing,438,269,294
567,jdeverilfq,revisiting,11,933,414
568,jneilusfr,softball's,135,300,189
569,kbetjesfs,panhandles,126,712,792
570,vjanceyft,horseshoes,241,181,403
571,amcinteefu,remarkable,230,773,255
572,rcoddfv,dispossess,114,971,382
573,dsoamefw,truncating,976,637,178
574,ewhaphamfx,suppressed,286,795,828
575,bbrigstockfy,blissfully,177,696,681
576,rnealyfz,incomplete,146,896,496
577,gpfaffg0,vanguard's,563,782,670
578,ccreweg1,treadmills,293,840,527
579,rmaniong2,certifying,239,516,536
580,hnasebyg3,constitute,306,100,515
581,oillyesg4,skyrockets,391,945,704
582,tyouleg5,complicate,634,752,765
583,gdrynang6,hoodwinked,830,110,339
584,ccovingtong7,richness's,663,231,313
585,rickovicg8,respecting,227,6,571
586,rjendruschg9,marshalled,768,138,221
587,jgraddonga,inevitable,335,393,389
588,askoughgb,hedgehog's,622,355,368
589,jparkinsongc,speculated,708,871,701
590,mpercygd,underpants,435,159,592
591,gambroisinge,hitchhiked,119,718,696
592,nkulisgf,offender's,857,137,544
593,awynngg,colloquial,582,931,459
594,wbilbiegh,discreetly,866,279,985
595,gmacgillivraygi,eggplant's,590,928,841
596,mlochrangj,turpentine,66,661,15
597,ddunphygk,scenario's,147,435,74
598,dcryergl,outburst's,489,863,265
599,mhorneygm,substitute,640,1,320
600,hrosekillygn,advisories,361,647,559
601,jfurmstongo,tribunal's,520,797,187
602,bocassidygp,electrodes,139,850,144
603,sluchelligq,definitely,390,719,386
604,abradmoregr,overturned,63,865,902
605,gvlasovgs,waterworks,231,819,661
606,tguittongt,headlights,198,757,898
607,rposnettegu,bamboozled,684,608,62
608,vrihosekgv,deodorized,109,377,578
609,bskydallgw,splendor's,40,568,394
610,nduggengx,leverage's,26,250,686
611,jknightgy,presidents,473,288,488
612,pmcellengz,pockmark's,242,15,869
613,bharwickh0,affidavits,149,720,400
614,lgreenalfh1,assassin's,410,907,938
615,bvergoh2,outputting,47,800,490
616,hbiggansh3,humidifies,611,249,269
617,vfittonh4,purchasers,134,459,108
618,dpauluschh5,mothballed,368,109,439
619,gvenarth6,friction's,651,354,799
620,pdeporteh7,physicians,535,869,391
621,wspottswoodh8,habitation,859,906,773
622,hwhallh9,worshipped,94,768,786
623,jbeevorsha,bottomless,644,89,472
624,igeroldohb,emigrant's,774,340,991
625,dprettyjohnhc,recreating,441,307,134
626,nflippellihd,fatherland,462,402,771
627,erumblehe,laundering,864,360,158
628,nsimenethf,negotiable,463,462,658
629,sbuttlehg,evaporated,989,847,610
630,cthirkettlehh,homosexual,652,169,854
631,glealehi,mischief's,354,995,566
632,airnyshj,greyhounds,238,894,463
633,holivehk,employer's,74,541,229
634,jbrawsonhl,antagonism,913,112,984
635,tskirvanehm,instrument,195,266,264
636,hmouncehn,evangelism,847,804,847
637,mcamolettoho,paradise's,82,957,623
638,lshanehp,engravings,194,77,102
639,fankershq,preferring,421,704,474
640,rlawreyhr,stoppering,77,67,63
641,akeershs,overburden,278,114,246
642,brucklesseht,vertical's,459,454,502
643,mchalcrofthu,practice's,888,139,784
644,vleeburnhv,refraction,795,465,729
645,ejouninghw,importance,565,58,822
646,caitkenhx,epileptics,12,994,932
647,ewinterbornehy,despondent,736,69,509
648,rludmannhz,creditable,263,540,690
649,jthurlowi0,sterling's,846,267,746
650,cmorillai1,altitude's,884,120,46
651,awimbridgei2,accusation,369,904,874
652,toclearyi3,teammate's,792,209,171
653,kainsworthi4,culminates,164,406,829
654,clermouthi5,tinselling,794,468,388
655,hsayrei6,capacities,584,75,372
656,kmunnioni7,prototypes,319,617,981
657,itreamaynei8,struggle's,499,649,27
658,cspareyi9,fidelity's,347,283,114
659,rmcavinia,discounted,548,607,478
660,dpuddiferib,proceeding,406,192,577
661,kthaxtonic,antagonist,815,524,693
662,kritterid,shapeliest,136,992,917
663,dtwoohyie,turbulence,922,258,370
664,glindgrenif,ravenously,894,487,146
665,bdeakanig,combustion,807,814,706
666,ntailbyih,conviction,67,158,888
667,snixonii,zucchini's,424,489,800
668,bhearsonij,contriving,579,970,640
669,gfitzsimonik,eliminates,527,586,896
670,ngoodbarril,pharmacy's,740,441,124
671,jjaquemeim,magnetizes,465,944,363
672,ntrehearnin,subscripts,17,648,934
673,gblakistonio,strategy's,717,237,427
674,bbucktroutip,aboveboard,2,825,740
675,gosleriq,hardliners,378,909,603
676,jscotfordir,holidaying,55,409,240
677,bfinnis,polynomial,90,680,37
678,dhollingbyit,pulsations,575,777,649
679,kspiersiu,Hispanic's,479,287,76
680,ubrushneeniv,situations,659,668,637
681,avannsiw,stairway's,236,342,332
682,fpimlettix,extricates,365,455,563
683,kolliganiy,military's,316,844,526
684,showlandiz,nitrogen's,456,373,492
685,robyj0,stagecoach,261,745,409
686,bgoddenj1,frequenter,635,781,774
687,glangelaanj2,needlessly,610,721,212
688,echarplingj3,remissions,282,320,145
689,crosonij4,vacillated,688,212,688
690,ggillianj5,purchase's,397,778,522
691,awoolagerj6,floodlight,9,868,936
692,rsainsburybrownj7,woodwind's,498,949,345
693,pgaywoodj8,nobleman's,199,913,364
694,tiggaldenj9,elliptical,178,925,945
695,mpoileja,deceptions,103,763,398
696,vpryelljb,administer,977,539,57
697,achidzoyjc,windmilled,617,790,875
698,nvanyushkinjd,guerrillas,828,387,703
699,rterbruggeje,backgammon,91,325,113
700,eleathesjf,freshwater,409,987,601
701,teaglestonjg,magician's,756,968,952
702,kfilasovjh,stupendous,102,344,67
703,mofiellyji,vacillated,542,664,135
704,cwestolljj,dilation's,396,736,164
705,tseifenmacherjk,prevalence,831,876,724
706,teaglestonejl,fragmented,699,982,308
707,aarnoldijm,finickiest,962,171,139
708,lmarronjn,boardwalks,595,873,930
709,codempseyjo,synagogues,926,83,224
710,bscurmanjp,experience,80,937,673
711,dsothamjq,bloodhound,370,271,565
712,kiddonsjr,obstetrics,125,135,585
713,gstorryjs,pragmatism,348,76,779
714,jtoejt,signatures,345,546,85
715,etootellju,unpleasant,295,64,137
716,cbelfordjv,floundered,879,955,664
717,apittolijw,laxative's,988,475,831
718,madamowitzjx,admiration,37,285,767
719,mguisejy,snickering,576,536,714
720,bbrissetjz,expedition,105,545,895
721,rmephamk0,bisexual's,730,60,627
722,rgallatlyk1,fuselage's,144,260,929
723,tevisonk2,delimiting,578,268,584
724,thostank3,diminutive,237,312,311
725,owhittleseek4,chargeable,587,692,745
726,ameadleyk5,barrelling,718,606,477
727,sdownhamk6,confidants,87,45,928
728,czellickk7,cemetery's,550,434,133
729,aipplettk8,suspicions,452,432,611
730,iizacenkok9,intensives,580,735,38
731,lcassiuska,releasable,162,19,314
732,bpiotrkowskikb,cautiously,6,415,11
733,ddillandkc,research's,172,547,961
734,cbramfordkd,amethyst's,661,124,911
735,jmounfieldke,overseeing,836,205,447
736,tfootittkf,grouping's,968,659,908
737,atrainorkg,believer's,923,161,234
738,jwhaphamkh,butchering,928,370,150
739,zhendersonki,flourish's,273,469,141
740,dmcfeatkj,triangle's,14,127,6
741,rstartenkk,aboriginal,20,520,872
742,bportugalkl,easterlies,645,634,278
743,wsambrookkm,armadillos,108,399,990
744,srowellkn,forestry's,692,831,376
745,dromaynesko,confiscate,924,962,466
746,nprawlekp,socializes,25,186,741
747,ckunzlerkq,infuriated,671,88,59
748,dremingtonkr,responding,116,276,3
749,ggladdishks,psychiatry,404,446,96
750,smartinetkt,paralyzing,747,854,267
751,chalmsku,intercom's,615,867,256
752,adermottkv,pressing's,824,519,104
753,gansticekw,uncultured,460,230,612
754,vliliankx,menageries,936,816,672
755,abuckthoughtky,beautified,868,883,493
756,medmanskz,sororities,710,41,815
757,rodneyl0,bewildered,675,885,953
758,jlutherl1,clubhouses,308,921,636
759,rmarquesel2,concerting,257,852,371
760,cmordauntl3,pertaining,1,185,279
761,tbrewettl4,hyphenates,395,492,594
762,lmargrettl5,shamrock's,604,407,998
763,yworralll6,encounters,918,604,172
764,alangabeerl7,interior's,724,879,227
765,deastwoodl8,hypotenuse,333,503,560
766,dgonsalvezl9,mysterious,893,633,249
767,ispurgela,portfolios,838,882,707
768,gbourdicelb,microwaved,451,298,303
769,ngourlielc,pummelling,810,991,893
770,kcottrillld,prisoner's,523,140,777
771,agrimle,bluebell's,73,529,851
772,syepiskovlf,uncultured,252,950,210
773,atetlalg,hypotheses,644,323,22
774,irykertlh,miscarried,285,82,942
775,bboddyli,slenderest,938,118,856
776,wswedelj,lawmaker's,56,551,321
777,tspurdenlk,timetables,200,156,434
778,hlanganll,culminates,375,215,894
779,rproscheklm,customizes,557,84,90
780,jcrispinln,cashiering,862,261,877
781,sbitchenerlo,interfered,427,792,82
782,tkubeclp,toboggan's,582,487,452
783,sstuehmeierlq,registry's,939,433,859
784,lloughreylr,compulsory,173,357,341
785,xbowlandls,assumption,264,125,993
786,swaldronlt,injunction,286,206,512
787,akingslylu,hardware's,233,731,405
788,jvaughnlv,banqueting,859,507,675
789,wkenealylw,legislates,422,17,618
790,rstillwelllx,captivates,14,235,591
791,echurchwardly,fraction's,30,751,513
792,zswallowlz,handicap's,425,417,416
793,cbeaufoym0,aviation's,999,204,90
794,rhartmannm1,ugliness's,975,671,828
795,drigbym2,ugliness's,767,913,797
796,mtayloem3,finalizing,534,775,59
797,lhesslem4,loophole's,510,33,229
798,dblinderm5,overalls's,79,115,104
799,wproughtenm6,backbone's,927,50,145
800,pbondem7,flannelled,298,386,575
801,pmacpadenm8,pleasuring,930,988,751
802,sfranceym9,asteroid's,34,1,275
803,egallamorema,arbitrates,90,762,449
804,rsnodingmb,solidified,987,406,798
805,gbrockingtonmc,harmonious,842,419,193
806,mmcguggymd,sustaining,666,893,398
807,salenme,attracting,951,130,83
808,pdennisonmf,horoscopes,492,625,433
809,ymackettmg,veterinary,841,803,754
810,ihallanmh,responsive,824,312,56
811,gbownasmi,bottleneck,452,348,966
812,estellimj,woodchucks,495,177,768
813,tmaylardmk,relativity,336,90,505
814,okilleleyml,solicitors,89,787,755
815,kbaggelleymm,maximizing,625,971,561
816,alonghornemn,conclusive,982,70,159
817,nchaplinmo,mouthful's,229,408,714
818,jpadwickmp,bumblebees,459,3,981
819,gmunningmq,professing,985,851,141
820,rrennoldsmr,healthiest,333,358,624
821,wtremontems,straight's,828,791,749
822,amorrissmt,pertaining,848,427,347
823,ndeavillemu,reparation,38,767,208
824,abollammv,brightness,203,710,285
825,bbendaremw,rotisserie,809,328,3
826,kbraisbymx,convertors,522,252,383
827,emuddimanmy,aborigines,560,948,912
828,elegallemz,optimism's,822,837,110
829,vrhubottomn0,towellings,868,266,572
830,lbaun1,ceremonies,184,721,608
831,aburchettn2,paradise's,826,124,89
832,pstellmann3,coercion's,25,743,582
833,nbuntinen4,knockout's,564,770,234
834,ntordoffn5,inflection,986,578,422
835,syean6,hypnotic's,205,488,941
836,aaleswelln7,proposal's,399,931,441
837,vrackhamn8,crosswords,765,556,862
838,ucoetzeen9,numerators,166,352,517
839,dcostellowna,undecideds,743,289,999
840,dbartoszeknb,manhandles,306,553,716
841,imonkhousenc,hibernates,207,140,746
842,achengnd,rosemary's,309,347,126
843,nblackboroughne,frequently,757,216,284
844,vsummerlienf,persuading,400,58,567
845,thartnupng,embroiders,898,500,306
846,abarkleynh,intellects,54,862,77
847,jjanssensni,overhaul's,77,814,68
848,rnicholsonnj,lifestyles,68,121,230
849,llanfranchink,containing,411,983,251
850,dbaylisnl,conversion,74,293,615
851,nknollernm,legalistic,217,254,820
852,gsreenannn,upbringing,53,826,794
853,mmitchleyno,travelings,131,280,854
854,kcastellininp,picnicking,532,390,88
855,rkaemenanq,castrating,730,119,317
856,ireidnr,sympathize,138,407,864
857,krosentholerns,savagery's,579,319,140
858,fpignonnt,ultimatums,63,509,463
859,ssalmonsnu,engineered,613,692,632
860,kgiamellinv,threatened,319,886,677
861,ndemicolinw,connective,44,661,700
862,acommuccinx,grovelling,15,443,551
863,aingerithny,defensible,55,412,556
864,dpeachmannz,historical,20,56,614
865,mmettrickeo0,rationally,37,584,52
866,hgillumo1,toothbrush,962,128,256
867,rpfiffero2,lavatory's,660,588,972
868,hgerckeno3,nonprofits,728,639,452
869,bvonweldeno4,coloring's,344,798,300
870,ckermodeo5,eulogizing,139,591,763
871,adohertyo6,airstrip's,746,326,669
872,kcottemo7,hibernates,91,184,216
873,hmewrciko8,possession,546,816,426
874,dtomaschkeo9,equivalent,476,920,114
875,lhegdonneoa,plagiarize,355,217,887
876,eodugganob,painlessly,990,89,191
877,bmullearyoc,puncture's,700,52,327
878,tcripinod,worshipped,965,418,180
879,cboodleoe,lifeguards,112,790,622
880,irembaudof,obituaries,777,327,57
881,emorehallog,prodigious,693,748,662
882,mdocheoh,commandant,98,506,427
883,nbuessenoi,variable's,361,978,395
884,cgenneyoj,undertow's,539,879,390
885,jdeelayok,adulteries,814,45,62
886,tcranneyol,thirstiest,552,738,51
887,adunridgeom,adhesion's,299,117,523
888,sreineron,expedition,489,658,66
889,nstirleyoo,saxophones,141,676,359
890,eanslowop,hydroplane,72,369,920
891,eusheroq,attempting,971,927,871
892,timpsonor,footnoting,134,491,454
893,nomoylaneos,chastising,682,682,328
894,psaiceot,breakfasts,896,822,324
895,rjudeou,staunching,864,769,753
896,xparsonageov,allocating,670,464,214
897,crobbertsow,drunkard's,698,626,292
898,jburlesox,positioned,623,94,120
899,fbendeloy,calculator,661,981,37
900,asingletonoz,knockout's,467,855,943
901,lprattingtonp0,stomaching,168,62,319
902,mdochonp1,lubricated,491,753,54
903,awingerp2,reflexives,885,262,496
904,sdollarp3,metabolism,95,424,369
905,adelucep4,distortion,747,965,870
906,obuckelp5,passionate,161,73,822
907,nliesp6,pleasantry,731,582,85
908,awinningp7,surveyor's,346,246,154
909,icarswellp8,automotive,241,760,311
910,jheinssenp9,astronauts,555,316,738
911,dcastillopa,squelching,453,608,302
912,ehumphryspb,cleavage's,152,530,407
913,svanthoffpc,rickshaw's,995,860,855
914,wavesonpd,delegating,156,924,986
915,mwitcherpe,influenced,389,44,598
916,jscothornepf,loveliness,904,109,174
917,mmccaullpg,wavelength,853,547,196
918,adalmanph,portraying,713,306,424
919,mvanvuurenpi,hitchhikes,618,518,315
920,wflounderspj,flawlessly,929,271,244
921,gdudlestonepk,refutation,936,374,621
922,astidstonpl,adulterate,924,194,346
923,eellgoodpm,timetables,390,975,907
924,ljorypn,cellophane,276,396,357
925,shindenbergerpo,unbecoming,686,565,837
926,gvasinpp,inductions,368,367,510
927,dbastockpq,imposter's,183,818,531
928,hpattinipr,footwear's,622,600,998
929,apietronps,witnessing,478,331,503
930,romolanpt,battleship,480,694,371
931,gtiffneypu,surplusing,140,929,982
932,dmucklepv,scribble's,599,243,933
933,amulbrypw,impeaching,471,495,385
934,ralwaypx,antiquates,954,22,276
935,cdolemanpy,immunity's,515,248,447
936,dwythepz,orientates,609,415,187
937,ngippsq0,containing,720,122,827
938,dlongmeadq1,miniscules,764,536,36
939,ccharlewoodq2,delimiting,502,185,137
940,chuncoteq3,pleasure's,414,597,139
941,ddelazenneq4,exemptions,926,395,610
942,mbumpusq5,suburban's,992,526,401
943,cmintyq6,overcast's,498,800,880
944,ableesq7,smattering,402,937,548
945,icafferkyq8,slovenlier,255,149,785
946,bkennhamq9,despicable,811,5,841
947,ndelamarqa,approval's,717,494,443
948,klehrerqb,fragment's,250,744,764
949,kaldieqc,conjugates,239,314,960
950,trobjentsqd,castigates,727,572,899
951,rcossonsqe,irrigating,963,239,46
952,mpeileqf,perceptive,687,466,821
953,gapplewhaiteqg,immobilize,639,375,795
954,jricioppoqh,bachelor's,433,258,279
955,ysirrellqi,overalls's,462,523,971
956,cirwinqj,carriage's,601,670,245
957,dcopinqk,hailstones,820,83,480
958,adanzelmanql,epileptics,734,296,448
959,amiddellqm,rectifying,312,189,364
960,lpendrighqn,formations,404,528,468
961,dodegaardqo,reservoirs,62,502,482
962,mbrinsdenqp,specimen's,857,529,776
963,redgeonqq,overlook's,106,299,200
964,glindupqr,correction,202,6,481
965,adenisetqs,adoption's,932,733,536
966,tzarfatqt,overpasses,499,315,771
967,mtreadawayqu,inaugurate,887,71,634
968,ajanewayqv,terrorizes,246,598,906
969,mmaccomiskeyqw,smattering,341,88,620
970,pdemangeonqx,occasioned,262,114,902
971,fforwardqy,negligee's,122,264,876
972,divchenkoqz,meddlesome,482,382,997
973,mkoppker0,bookkeeper,9,275,931
974,anendickr1,dumbfounds,977,899,968
975,abackesr2,cornflakes,614,781,342
976,ekubasr3,shipment's,385,218,858
977,rtrevorr4,jettison's,815,865,529
978,aorror5,dilation's,219,968,533
979,dmateusr6,escalation,58,268,695
980,fbohjer7,deletion's,972,900,975
981,stinliner8,dandruff's,825,561,497
982,leadsr9,anything's,231,759,219
983,mgleyra,tantamount,75,404,9
984,lgaveltonerb,pineapples,352,554,295
985,bslineyrc,pilgrimage,415,181,63
986,jlowdyanerd,iridescent,616,549,248
987,korganerre,sufficient,976,799,936
988,mcoatsworthrf,ammunition,60,793,824
989,amossrg,accuracy's,61,288,977
990,tashburnerh,reassuring,1000,18,666
991,marnholzri,respecting,380,998,633
992,jlorenzettorj,marriage's,48,950,786
993,dhatchmanrk,reproached,597,972,376
994,lbestonrl,ceremonial,136,795,64
995,lmckellenrm,heliport's,253,711,434
996,ldawnayrn,headstrong,214,451,429
997,crosenbargro,engagement,177,376,594
998,fwemmrp,backlashes,627,779,767
999,cwintersrq,customized,472,520,779
1000,jnotleyrr,disquieted,819,823,530
