id,name,tax_no,start_date,end_date,updated_by,created_by
1,Nev Gatehouse,lxaqdpkobe,05/04/2022,03/05/2022,390,425
2,Daniella Tunno,ubyhpfxzetwkdvricgml,15/09/2021,31/07/2021,289,714
3,Haleigh Cheavin,fzlhxjmarqusdyitnokg,07/01/2022,12/12/2021,12,593
4,Madelene Emlen,cwtbuxqmzsvhnal,26/05/2022,13/02/2022,628,113
5,Rayshell Hacard,msovptdwxlkeqnaji,26/01/2022,09/02/2022,471,665
6,Hiram Goldsworthy,mavyhwiskbcone,10/11/2021,18/10/2021,271,42
7,Bartolomeo Skellorne,nqzimbswjyuodlf,12/12/2021,06/10/2021,568,950
8,Virgilio Cantillion,exbdvfmpcljonratyhkw,24/10/2021,02/09/2021,296,817
9,Sarine Kreber,adsrgzelkcbvtjfuxoh,14/10/2021,15/02/2022,410,10
10,Hadlee Parkhouse,inuxacehozmlq,26/01/2022,13/04/2022,441,612
11,Darbee Bygreaves,axgietjuqkm,16/09/2021,16/02/2022,5,401
12,Beniamino MacRannell,qztswcigxken,17/01/2022,11/05/2022,256,273
13,Gaye Kellick,pubgmxnjfylo,21/03/2022,04/01/2022,173,843
14,Tallie Lendrem,hrpjscmvuybwn,20/03/2022,17/04/2022,473,777
15,Charlot Pescott,asfxjoezklqmu,16/09/2021,29/06/2021,855,209
16,Callean Dufour,mblodapgsjxnweutyz,24/02/2022,13/06/2021,199,624
17,Harlen Kruschev,zcowmnkayhsbtxrdgf,20/12/2021,06/06/2022,370,809
18,Jayne Pillifant,cqlntvijzwagxrs,25/07/2021,22/03/2022,35,780
19,Butch Riddett,klphmduonistfjerv,19/10/2021,10/01/2022,159,873
20,Robinia Saltsberg,ufhivqzwjdxkyrnomp,14/05/2022,28/12/2021,86,200
21,Farrell Juleff,cgjfmudtpokehwsy,17/12/2021,02/02/2022,67,553
22,Fallon Brodeur,suoitzjlqpdkebwx,28/10/2021,27/01/2022,421,329
23,Salomon Tarbet,cutlwxkmrzidojnqgy,13/07/2021,19/07/2021,841,819
24,Alfie Labitt,fsywdazglvo,21/08/2021,21/01/2022,511,621
25,Rudolph Maleck,hpyltaxoqznrcgjfwkue,27/08/2021,11/09/2021,897,100
26,Taddeo Stallybrass,rsvayxkzpneucwf,13/07/2021,12/11/2021,209,812
27,Amalita Hillitt,rkvwxgjuntadhl,28/04/2022,02/03/2022,392,710
28,Giffard Disbury,vyuqsgaopmbznxflciwh,14/07/2021,15/08/2021,247,637
29,Sheela Peasnone,kvomtzxejgqpwicsduhl,12/02/2022,12/02/2022,503,815
30,Lexy Whitrod,sgklnvthidzcqfoujpe,03/04/2022,15/02/2022,926,651
31,Antoni Conradsen,bczkjoqdtxay,09/12/2021,28/09/2021,178,940
32,Ellen Rocco,hbepwaftxj,13/04/2022,14/01/2022,615,605
33,Chastity Aspinall,pmkzwrnoqlhy,21/06/2021,24/12/2021,459,765
34,Arabella Chaudron,kzlisntauymovgwph,26/06/2021,08/12/2021,745,835
35,Tiffani McSkin,pdsmtqbuoagheywnj,29/05/2022,22/01/2022,50,248
36,Edward McKearnen,mruyspaozbfjg,15/10/2021,01/11/2021,768,832
37,Kellia Manzell,gpjvcnbwkmrtyex,31/07/2021,18/03/2022,248,959
38,Wildon Chucks,zlhsoxkieaqufvrw,17/01/2022,04/08/2021,142,260
39,Edi Leftridge,wbchkqmtyzlaoesn,09/05/2022,06/04/2022,218,953
40,Darnall Killshaw,jnkrdtwsvmulhobagyfc,11/12/2021,15/08/2021,849,894
41,Adorne Gowen,szrmwvdopgk,26/08/2021,10/05/2022,398,889
42,Trix Stampe,xrtjlauykbivcs,22/01/2022,26/05/2022,701,432
43,Vanya Sibyllina,tiwgkblorfxjmac,13/10/2021,31/05/2022,88,232
44,Agata Gansbuhler,gmkefaxtbysnhdulqij,16/01/2022,07/11/2021,484,598
45,Nettle Smart,qipcoathfe,18/04/2022,26/04/2022,979,644
46,Stephannie Forestel,zwdecpmuyvnx,10/01/2022,08/08/2021,741,307
47,Obidiah Roistone,jqaiznywhbtgvpku,29/05/2022,19/07/2021,95,169
48,Trumann McGebenay,ndgejlovruqwxfyis,09/01/2022,23/12/2021,673,92
49,Cyrus Beckley,ghimlxbqswzjuy,08/01/2022,28/07/2021,439,336
50,Bridie Tolcharde,sbfhuvaxmcdjltozqpig,20/02/2022,12/02/2022,447,731
51,Odey M'cowis,etauhslvgocnyzjmix,11/05/2022,29/07/2021,638,618
52,Kalli Illingsworth,wnslqxuarib,23/03/2022,02/03/2022,698,712
53,Kinny Wincer,aeogvhlmiscqu,17/06/2021,15/02/2022,478,340
54,Marne Ackenson,kymnsfbjizprx,22/11/2021,08/04/2022,3,252
55,Mariellen Edmans,qxyoslbnpcdmjkehw,22/01/2022,13/06/2021,746,67
56,Alphonso O'Fihillie,ecvtsnwrghy,11/05/2022,31/03/2022,106,730
57,Dante Loftie,wuhcbextfrpljzo,03/06/2022,24/02/2022,966,33
58,Elna Battelle,lsnhqbaidktwoevp,13/02/2022,14/04/2022,38,386
59,Gerome Ganforthe,madujeclwvhbkqg,02/05/2022,23/09/2021,645,980
60,Kate Skirvin,zbodpfctqskrli,18/01/2022,26/11/2021,287,771
61,Dene Cordner,okvbnsaizryfjcdtxhq,21/11/2021,18/05/2022,809,568
62,Mariel MacCarter,pgoqwxhmdafsz,04/02/2022,26/05/2022,894,211
63,Ara Banishevitz,shvpbungjlf,01/11/2021,14/03/2022,504,494
64,Godard Markl,xurtwaoksile,16/05/2022,16/05/2022,492,686
65,Tildie Biesty,mabjskidwtxyg,26/08/2021,10/06/2022,162,259
66,Loralie Jemmett,yvpaokmrdxbcfn,17/06/2021,14/02/2022,172,639
67,Mickie Crippin,aqmzswjfdhn,29/03/2022,17/03/2022,708,758
68,Kelsy Haydney,qiyfwoljkd,14/08/2021,24/12/2021,597,241
69,Kip Andress,xjnuemlqiptogky,26/06/2021,07/06/2022,663,221
70,Merilyn Toe,uqhfvpcwyi,19/02/2022,19/11/2021,830,79
71,Correy Knath,mwekuqzrgsabld,19/10/2021,18/03/2022,573,520
72,Berte Scutter,vqkfldwyzg,23/04/2022,26/07/2021,977,882
73,Tabby Karlmann,lyzwvinbdpcsroftqjgm,17/01/2022,24/05/2022,899,459
74,Car Lecointe,shuyjtvromnaxfiz,19/11/2021,29/09/2021,416,446
75,Hyacinth Roots,mivrnpygwoscd,16/05/2022,09/11/2021,321,985
76,Bret Dienes,axnlpihsdjz,25/06/2021,28/02/2022,111,183
77,Cully Dunsmuir,brdsvqoecf,03/06/2022,17/03/2022,311,646
78,Modestine Gofton,sfpnchadeqb,21/01/2022,23/10/2021,693,804
79,Jozef Meindl,jbhesrvomy,17/08/2021,15/03/2022,649,266
80,Gabi Axten,nxhgaukdloeytmqbwz,31/01/2022,28/08/2021,946,914
81,Jeana Rieflin,wobngsfurl,18/09/2021,12/12/2021,399,189
82,Marven Laxton,epsnrlawhizkotqmvuyd,16/11/2021,24/08/2021,915,417
83,Justis Coorington,qlwxohvpbzk,20/10/2021,27/09/2021,234,610
84,Gui Alred,kshnvefopycwxqzrt,03/04/2022,12/09/2021,782,333
85,Hamlen Brinkley,gsfuyzckwdlebmti,14/05/2022,05/07/2021,733,451
86,Rhianna Cornelius,lvezcrqxhsjotbfmpi,07/09/2021,03/10/2021,391,427
87,Oby MacTimpany,elmtndcrbiykh,28/07/2021,10/05/2022,753,311
88,Clevey Ullock,sazjxinhwdrlk,01/01/2022,22/09/2021,814,689
89,Wylma Runnicles,nhcywvrkjfg,17/01/2022,20/12/2021,191,881
90,Brianne Tomkin,amlcdoetgz,07/08/2021,12/02/2022,877,78
91,Kalinda Hollow,xfswknvjyerhmigut,19/04/2022,18/02/2022,357,838
92,Smith Farey,riluozaxgqhbvneycmd,22/06/2021,02/05/2022,879,475
93,Galvan Arlow,wpofaxvensykibjhlr,11/09/2021,02/02/2022,49,265
94,Hodge Neumann,tvdkasmloncujfeiwpb,02/11/2021,13/12/2021,126,602
95,Kippy Navarro,eukmiftzjvsxpnbqac,10/05/2022,27/12/2021,756,73
96,Walt Formilli,kborjpxchiftnelzw,11/07/2021,28/11/2021,525,672
97,Winifred Drowsfield,mwltkofuehi,30/12/2021,17/08/2021,469,677
98,Raeann Kisbee,lasynbfmpkdohzqwigej,21/07/2021,25/12/2021,944,283
99,Pincus Gourlay,roidyshuvwjgf,25/08/2021,02/01/2022,325,23
100,Kirsti Piburn,kocipywdabqgresznvmx,09/08/2021,12/10/2021,950,942
101,Ardine Waggitt,vmbqpehjdsaw,01/08/2021,06/05/2022,670,614
102,Chelsie Donohoe,ptoqxijykshvdlzganu,08/02/2022,20/12/2021,678,623
103,John Hungerford,mfvrtcnpyalqsewoi,02/04/2022,16/05/2022,551,223
104,Bernie Akister,mhaynekwpsldgu,23/07/2021,20/01/2022,598,481
105,Mandie Levensky,lfhgndtjrczbqmueaxws,14/09/2021,27/01/2022,669,71
106,Konstantine Rickhuss,zxvespqumajiblo,05/10/2021,10/04/2022,110,514
107,Viva Gouldstraw,derkpvabhlug,19/12/2021,25/07/2021,134,330
108,Sharlene Tassell,vrcdgijzxtwkqlmhsany,08/08/2021,18/07/2021,381,167
109,Jacky Colquete,lpghvfbewsy,23/07/2021,29/12/2021,54,447
110,Jenica Surgeon,ipjxnheudq,03/03/2022,19/09/2021,304,470
111,Odille Rijkeseis,yprsexucgfnvtzmw,25/06/2021,01/10/2021,211,764
112,Lutero Bridgstock,zpasumqjncxforbvd,11/03/2022,22/09/2021,72,30
113,Valma Ferson,rpcadufxklgoqwey,23/07/2021,24/03/2022,774,790
114,Putnem Twiddell,huqsrvzjipxdykctwgo,30/12/2021,16/05/2022,680,655
115,Kelbee Crinson,pswzlhkbdn,04/01/2022,26/05/2022,165,391
116,Riva Rougier,qwtxacvprbghml,29/04/2022,11/06/2022,859,203
117,Rahal Capps,ziepjlbdrcuqty,05/04/2022,14/05/2022,541,518
118,Wrennie Janak,nrepadzhkcsftqoujxlw,02/06/2022,23/07/2021,512,776
119,Lenka Videler,rfpdogivjycm,30/05/2022,22/01/2022,97,994
120,Heloise Lorey,ovamkrbewy,25/06/2021,24/04/2022,136,502
121,Kary Mosedale,jldpfxytmwizcnk,08/10/2021,18/06/2021,581,331
122,Chance Maden,xftloqsvbnwuaidmk,09/10/2021,10/11/2021,362,369
123,Lewiss Clymo,rqzuboasxtcgyijhpvkf,10/02/2022,18/10/2021,694,52
124,Charo Davydoch,gojrqhcwbx,25/11/2021,03/08/2021,346,7
125,Ira Raggitt,tyiznohfcruges,15/05/2022,22/03/2022,129,775
126,Nico Houseman,vhgfkxzatcqryosmnebw,23/03/2022,16/10/2021,545,29
127,Beatrisa Dagger,ortmvqayildgc,01/12/2021,17/09/2021,277,571
128,Lyle O'Dee,xizmnevuwkltdajrygqp,03/01/2022,16/09/2021,318,43
129,Virgie Patifield,udyhcmpinkezlwjbqg,27/05/2022,28/12/2021,634,253
130,Theodora Dransfield,bmghzeflwdstqn,31/12/2021,02/08/2021,359,60
131,Kimmi Kime,nmpcjkuvhyei,19/05/2022,23/10/2021,786,39
132,Mignon Russam,igkoaybxjcldsmptfeuw,03/06/2022,28/04/2022,910,205
133,Dennie Kibel,gcwknfxoumptiydh,24/07/2021,11/05/2022,967,487
134,Wayland Assiter,odxecbsftlkzuyqhmr,08/03/2022,16/06/2021,224,827
135,Della Byford,myzlptrkwueh,15/03/2022,18/04/2022,244,661
136,Tanitansy Dawkes,rgwiklzyfeu,02/08/2021,24/08/2021,109,794
137,Birgitta Flay,nztifcravg,05/07/2021,23/12/2021,488,803
138,Ericha McCloid,tfydgjvxsi,15/02/2022,26/05/2022,907,278
139,Arnaldo Leslie,qiztbfdekpg,07/03/2022,05/06/2022,893,325
140,Nicolette Nowland,payjclwosmvrqbuifd,14/05/2022,11/11/2021,22,492
141,Constantia Midson,dzpwbqvemy,30/01/2022,24/01/2022,281,430
142,Dana Sabathe,codwuftkgjbhzsyprveq,22/04/2022,01/08/2021,983,53
143,Saraann Meeny,iaqhlwvtdef,08/08/2021,07/09/2021,602,371
144,Lynna Kaliszewski,ufkraieyhsvdjlwz,16/06/2021,22/09/2021,426,114
145,Trudi Divers,onjhcmuztw,23/06/2021,08/08/2021,941,116
146,Elianore Kidwell,wrqxysoahvjtumbcg,20/04/2022,25/12/2021,90,142
147,Rosemary Bafford,pdbvckistfqwlzmgjy,15/07/2021,12/02/2022,631,83
148,Lou Biddlestone,wcxlnjfgyotpqazhv,13/10/2021,05/09/2021,220,37
149,Zarah Hanselman,ickphdtguwsjyle,04/06/2022,21/11/2021,735,924
150,Rainer Fenelow,unmkbqgwaejxlcs,25/02/2022,17/07/2021,494,711
151,Janeen Lindenberg,cothgbemrfpvwizujn,05/04/2022,12/12/2021,744,237
152,Kelsey Sheldrick,bpglsoactxknvirque,26/08/2021,16/11/2021,948,439
153,Boone Coxhead,wpuexfinoq,18/09/2021,28/05/2022,251,181
154,Cyb Pittendreigh,hjmwafsvbtyupqi,05/12/2021,29/09/2021,314,395
155,Cammy Root,grephiocwtal,19/11/2021,23/03/2022,380,671
156,Emile Beneze,refhnczdwiumbvqjxolt,12/01/2022,18/06/2021,352,742
157,Quentin Muncey,kvdsaomgnchleuwb,15/10/2021,04/01/2022,754,442
158,Rich Beament,emxukcotvjhrs,03/06/2022,07/10/2021,992,123
159,Rosabel Balmforth,ckudotepvfqjy,09/09/2021,21/08/2021,730,255
160,Lusa Kentwell,asgmljyucviqe,06/05/2022,24/02/2022,368,376
161,Bonnee Pochin,syklcpqntgviwha,16/03/2022,20/05/2022,442,314
162,Claude Coxon,gqjzxinhtokslwacvmy,11/06/2022,17/12/2021,552,909
163,Eula Whiston,atcjlkbdpvfsgrmh,18/11/2021,23/09/2021,838,145
164,Aaren Aylin,rkojqchwtnbiyvgda,11/08/2021,14/04/2022,78,320
165,Goddard Laverock,cvohzpqgalbkfit,23/07/2021,17/04/2022,676,196
166,Wyn Combe,gjzpdkcqlyi,06/11/2021,29/01/2022,177,987
167,Melany Gosby,apvtqrlzcugmewo,25/10/2021,15/05/2022,725,305
168,Kial Liddle,zpwqmefhjgu,27/07/2021,12/01/2022,685,756
169,Aprilette Marzele,payoqtundwv,31/12/2021,26/02/2022,684,928
170,Darbee Blees,xbgandolehz,07/08/2021,27/01/2022,496,915
171,Eugene Cathcart,mxszajqftuhlovinepy,26/02/2022,19/09/2021,414,630
172,Aaron Garron,lzfbyogpjekmx,06/05/2022,20/12/2021,603,908
173,Cesya Atlay,cigvwpqhntoxbr,13/12/2021,06/06/2022,862,178
174,Marcelle Hardwidge,srcionlxmwgbdfphv,26/08/2021,20/04/2022,852,338
175,Pen Hartigan,nlohzdcxprwijymeavb,26/08/2021,12/01/2022,179,948
176,Rupert Blissitt,ogcmaufhrqwkyvt,11/08/2021,10/03/2022,451,291
177,Inness Iacobacci,ajxolnubthw,14/08/2021,16/06/2021,45,542
178,Rasia Bassam,fanwqutgprvlod,02/08/2021,04/12/2021,498,115
179,Gilli Freckingham,ocmwisaprzeyjn,05/04/2022,04/02/2022,546,179
180,Amber Luby,awbjfmchzoxliydnrv,09/05/2022,30/01/2022,934,692
181,Felicdad Bront,ikaoqyhuswrfpjl,13/02/2022,15/05/2022,839,851
182,Shaylynn Yansons,xqdkcanhltujpb,28/05/2022,31/07/2021,906,589
183,Cara Ysson,dqjcpauegtvixyknobzs,16/01/2022,23/04/2022,594,398
184,Olwen Gilbeart,nlejzfctbxkywopdm,14/02/2022,10/07/2021,276,653
185,Marcelline Le Barre,ebszlwqfhvyxg,04/04/2022,16/01/2022,320,830
186,Bryanty Hamp,yhpulsabjxwftndcgk,13/03/2022,09/06/2022,481,274
187,Forbes Angood,gukeimasljcw,16/05/2022,25/06/2021,978,412
188,Tansy Iacapucci,gdafqozkerinyljs,25/06/2021,18/04/2022,857,754
189,Valentina McGeachie,yswqugzehxopdb,23/05/2022,15/01/2022,288,700
190,Boycie Pelfer,pigusazdbjhkfmoxc,28/04/2022,18/05/2022,826,907
191,Herb Gillon,molbwrqztgkfucvdyxe,19/02/2022,07/06/2022,307,438
192,Michell Corneliussen,fxztqhjgsybw,24/04/2022,03/09/2021,254,239
193,Anita Silversmid,nrptwfdbmjgeyacizq,23/05/2022,17/08/2021,338,927
194,Gardener Thornton-Dewhirst,oqjdwckmxa,19/12/2021,11/08/2021,486,957
195,Marwin Keynes,hagxnzcodfjypk,07/10/2021,10/06/2022,326,887
196,Alethea Allbrook,zantcrjfbsipuekldwv,14/08/2021,21/07/2021,795,215
197,Brook Benfield,sbvayltpuen,13/04/2022,20/03/2022,827,122
198,Hew Southward,vrhbctiquagx,26/12/2021,16/05/2022,323,82
199,Cesar Kinnett,enowxpvqybr,15/09/2021,06/10/2021,614,137
200,Ode Kilbride,dklcqawnxpzstgjim,17/06/2021,16/07/2021,956,717
201,Dermot MacAlees,jztmaliwyx,13/10/2021,06/09/2021,802,6
202,Dirk Lotwich,bdrtujpskognfqwy,21/08/2021,28/07/2021,815,897
203,Elsie Challener,apbszqurtio,14/05/2022,25/08/2021,70,968
204,Cecelia Heinsen,ewxhudfvqykrsijlz,25/11/2021,01/08/2021,337,77
205,Geordie Woollends,xtjozsuyewcpdkvqg,05/03/2022,10/12/2021,842,213
206,Emilee Siegertsz,efwcgavujhpslmzyrox,25/06/2021,30/01/2022,339,767
207,Eduino Bellino,euvmhqkjitopanrwbzx,19/07/2021,04/09/2021,303,444
208,Danny Going,zercpmbisxuv,31/07/2021,24/12/2021,959,879
209,Alfi Dalliwater,tqojxbrlpuzhymce,01/07/2021,27/06/2021,870,684
210,Audi McGraith,nvdrxjbqtyaiolmcgsu,16/02/2022,02/08/2021,282,705
211,Wynny Greenman,wmhxjtzsfu,07/11/2021,28/07/2021,68,379
212,Carter Newlove,amnicwosphluy,13/06/2021,16/12/2021,474,346
213,Duffie Mathelin,vlescqrgxnkt,17/01/2022,29/11/2021,422,564
214,Palmer Blowne,lhdqbxaugzkyoiptrnwj,26/09/2021,22/07/2021,632,802
215,Dasha Fransewich,ahqbmfeowkpnvxgic,12/03/2022,19/07/2021,675,302
216,Dorothy Ikringill,senxmglafudcpwrk,29/09/2021,26/03/2022,457,801
217,Horace Appleyard,kfwnhuacelyb,30/12/2021,27/12/2021,354,348
218,Avrit Cowterd,boxzrkhvseij,29/07/2021,02/01/2022,331,400
219,Zeke Devil,sphcmrdluxfa,04/11/2021,11/04/2022,646,666
220,Waiter Jugging,eprqcuomytxjbvfdzkw,02/12/2021,02/02/2022,127,557
221,Erick Gissop,zaiowmknyc,05/10/2021,11/05/2022,57,709
222,Jana Conford,afnvwsmidcg,19/08/2021,17/06/2021,223,326
223,Mallorie Fairtlough,lqyfcnxwhmvu,06/04/2022,06/02/2022,406,951
224,Elana McGoldrick,uenkhxgtfdbsyiqpawz,08/08/2021,17/09/2021,924,148
225,Devonne Gallehock,zfojunwglheitvcs,11/04/2022,17/08/2021,482,469
226,Marcus Polet,sqpryfolmxzk,02/04/2022,24/07/2021,458,162
227,Benoit Sandal,yqbhdwjkrvxcnmpze,24/02/2022,30/04/2022,682,285
228,Osborn Pays,jvgdsnoxmlb,24/09/2021,16/02/2022,145,800
229,Allis Pohlke,dmvzbhnwlxocqrijku,12/07/2021,14/06/2021,483,236
230,Findlay Desvignes,qgkjlnxpyeauszwcri,14/03/2022,10/04/2022,513,435
231,Dianne Pringour,jkdlyzcboi,24/04/2022,24/07/2021,572,753
232,Tiphanie Vedishchev,rxzgkincpvyh,13/05/2022,10/03/2022,405,257
233,Dulcie McWhinnie,flbodwrkmxyut,05/05/2022,19/08/2021,989,397
234,Jacinthe Castillon,fycvirpbmwnud,22/05/2022,16/06/2021,148,219
235,Billy Reeday,wocuqzebgfdjahtsl,21/12/2021,19/04/2022,432,853
236,Enid Habercham,vtfxlcaezoundmgjqy,12/04/2022,23/06/2021,269,372
237,Cris Gribbell,xfgatqhlpiyznwkduvbs,15/03/2022,13/10/2021,611,998
238,Joshua Higgan,nmtelpgjach,07/10/2021,02/02/2022,900,999
239,Branden Hannam,hfbkgxdslpctuozrwev,11/05/2022,30/03/2022,257,763
240,Adore Kobpal,nfiejrkdguv,08/06/2022,17/10/2021,609,102
241,Iseabal Galton,uokjewlysd,20/06/2021,12/07/2021,969,15
242,Chevy Riply,smearnfwcjpxugvh,01/06/2022,24/08/2021,133,825
243,Queenie Jann,tuwchpqmnvykfes,23/04/2022,25/09/2021,202,519
244,Graig Templeton,xozskmayhgip,28/05/2022,29/05/2022,942,350
245,Jarib Amort,napmqkgeuzsxvyor,29/07/2021,16/10/2021,964,97
246,Donia Giampietro,ytxlzbfoap,21/07/2021,03/09/2021,556,906
247,Mirna Salter,fxmauqjvyhrbgpwkdelz,06/07/2021,23/04/2022,871,448
248,Perkin Bugden,vyfcwinrkqzleguj,08/05/2022,22/05/2022,637,797
249,Daisy Rapson,eitduobkvrmswhfgc,17/11/2021,13/04/2022,553,309
250,Dinny Chubb,zjcwehqnkufisgbr,18/08/2021,17/02/2022,464,399
251,Caldwell Greasley,gptourfvbj,05/12/2021,12/09/2021,688,581
252,Ruperto Guilloud,adfpsvoeywuxnhj,12/12/2021,30/07/2021,962,373
253,Arlena Awty,jfwievrlzyuqomtagcsn,23/08/2021,18/05/2022,571,866
254,Alexina Bleaden,fybxzaetdqjonmi,15/04/2022,01/04/2022,974,755
255,Jillie Koubu,ldrkwcixsheozyjbgm,14/02/2022,01/08/2021,927,821
256,Mirabella Isabell,cupsxjgfaymvt,20/09/2021,10/07/2021,243,343
257,Jessee Bohan,vzkpbtsdirow,24/05/2022,04/01/2022,813,798
258,Morrie Franzoli,xnsoalhpbtvr,18/12/2021,02/09/2021,495,540
259,Joana Megroff,qcdgwastojzmpx,24/04/2022,30/12/2021,417,467
260,Maxi Begbie,jikyrzsgtfmvbe,28/05/2022,17/01/2022,940,720
261,Archibald Langman,fiskngpcwdtxyql,22/05/2022,03/11/2021,567,497
262,Martie Craker,wrmoaxiygjvqpde,01/10/2021,19/12/2021,452,185
263,Tedie Cairney,kpohitjnqx,05/03/2022,17/01/2022,164,72
264,Hedy Pinches,ntodqvagmxjyrkscuhl,02/09/2021,18/12/2021,580,990
265,Jammie Tattersfield,tpakwfcyin,21/01/2022,13/06/2021,343,613
266,Keeley Greystoke,wmdtncijflxakuqszvpe,21/08/2021,12/03/2022,875,234
267,Justin Bonder,ivjotcsrbzxlefqkhwu,30/11/2021,04/11/2021,724,679
268,Marlane Profit,uzbcmysflwhavjq,30/05/2022,19/11/2021,297,107
269,Garrett Leghorn,rvsucpbmad,13/05/2022,13/10/2021,468,841
270,Ginelle MacTeggart,zcbshrjmxydeqft,19/11/2021,04/03/2022,736,770
271,Marielle Lonsbrough,ejtdmshlaxqc,15/06/2021,29/03/2022,491,694
272,Emanuele Derington,bhivxnwruykfzelq,28/01/2022,05/04/2022,887,139
273,Erna Ricardo,qtgjcvfmizkobur,28/08/2021,22/04/2022,222,154
274,Mommy Limmer,iktgdxvqszob,12/10/2021,10/06/2022,783,806
275,Conant Walsh,zovrutldjpfeqsx,25/06/2021,17/04/2022,633,381
276,Bradney McGonnell,fkmqgjclzvrwt,10/04/2022,22/11/2021,789,874
277,Alikee McLucky,kdmagvcisbrowtnypljh,24/09/2021,31/10/2021,933,761
278,Tori Dehm,miflosuzhnktvcxj,04/12/2021,09/06/2022,87,289
279,Belle Morten,ydmuvlrnkth,06/01/2022,18/12/2021,990,926
280,Teena Foynes,uwcbjsiahfzxn,20/08/2021,21/11/2021,620,363
281,Currie Rodmell,lwgnfjqeic,19/01/2022,11/02/2022,930,422
282,Brooks Crop,xgqmsjhbvklcuyp,26/07/2021,26/04/2022,723,554
283,Emlen Hollyar,puhjvdalotsefxgzcqi,31/08/2021,10/05/2022,639,966
284,Oriana Gabbitus,tfeynapvbjiroslq,30/10/2021,09/02/2022,47,249
285,Clarey Warr,nijarzwoqxhk,13/03/2022,28/11/2021,467,312
286,Eleanora Beards,fhwerygbzkp,18/03/2022,04/10/2021,434,857
287,Austin Fulton,biyrnakptudj,15/04/2022,06/10/2021,883,904
288,Phillip Amesbury,chnmqydkogfajpexubw,31/05/2022,02/06/2022,509,157
289,Bay Frunks,moarjgnxwvh,30/11/2021,31/10/2021,32,269
290,Rockwell MacAndie,vqasltzpyijcebkru,02/02/2022,20/01/2022,705,367
291,Josefa Balfre,cbkwuhseazfnvyjdixg,17/08/2021,06/12/2021,4,527
292,Novelia Runnalls,jlcnuvtdobipzxyw,27/11/2021,25/01/2022,761,378
293,Alicia Indgs,wgoxquldcsntayhiefrv,28/04/2022,13/04/2022,137,648
294,Roosevelt Tunstall,kawzsyvjgpql,04/11/2021,04/07/2021,389,357
295,Renato Reah,kphubmycxzirqge,16/08/2021,07/09/2021,377,884
296,Basilio Blatcher,dgezkijvfcamhulsbq,08/08/2021,24/02/2022,336,261
297,Oralia Samweyes,ntybgrhjuwlfedosizm,26/04/2022,21/07/2021,411,310
298,Gaston Verdie,yzpmhklirxgt,22/06/2021,05/12/2021,788,935
299,Lorna Vincent,sfbrdvjlcpeamunq,20/05/2022,05/10/2021,972,923
300,Konstanze Cuskery,msfqnwyphtebo,30/03/2022,24/02/2022,683,128
301,Gerty Stigger,qaxpzcbgvwyskufi,03/06/2022,11/02/2022,19,238
302,Iolande Scamp,bltuzngskayoew,17/07/2021,02/11/2021,595,973
303,Oren Crennell,hvcyiufrtlnbmakoqwp,28/01/2022,22/10/2021,889,789
304,Bettye Siveyer,vixghmqjtckdenbryfl,02/11/2021,02/09/2021,37,180
305,Dacey Rustadge,kpibzxtqgluseacwr,18/01/2022,20/06/2021,939,59
306,Lotta Evens,zjosqructymelvhigax,11/04/2022,01/01/2022,213,121
307,Mitchael Goskar,vuylcjzimbetqpw,04/04/2022,15/09/2021,309,159
308,Farrell Dissman,mcfwpenhuqs,20/10/2021,31/08/2021,986,66
309,Gretel Reary,jtlguvcnya,02/10/2021,29/10/2021,55,90
310,Donny Sterricker,rdgiobuexv,04/06/2022,24/06/2021,229,471
311,Lauren Blindt,rdclhqjfvuskyobip,07/11/2021,20/09/2021,850,701
312,Angel Milbourne,mdqkixgwyan,01/05/2022,18/10/2021,757,280
313,Nalani Drage,pmedfozaxnhstqjy,04/03/2022,03/12/2021,529,201
314,Bobbye Farnes,bwuhzfdyqvks,14/08/2021,24/10/2021,863,277
315,Myriam Denys,bfewyojtil,18/09/2021,07/07/2021,240,875
316,Scott Grafham,sygfbzahrckxuvtiwm,03/07/2021,28/09/2021,423,615
317,Dix Minchin,jtskyzouwqac,07/10/2021,06/06/2022,778,126
318,Christoph Haycroft,zyqfenkowrcgmvabjx,04/03/2022,21/02/2022,537,455
319,Alejandro Owbrick,bidmqljatsrncgh,05/06/2022,11/03/2022,901,495
320,Agathe Hemstead,vhrjtuqfsn,13/08/2021,16/12/2021,576,243
321,Yorke Farriar,xrzukmvqlcwnibp,09/07/2021,27/07/2021,820,530
322,Bert Boothby,ihfsznprtolujdewb,11/09/2021,11/09/2021,14,588
323,Lotti Beeden,aorjgufepkdstzyxmnhl,25/05/2022,17/06/2021,828,693
324,Morgun Sparke,magpqyzdxoeiwnu,26/12/2021,11/09/2021,294,108
325,Kippie Bucktharp,ivdzolpgfrbxkum,09/12/2021,20/04/2022,991,604
326,Sarena Gallihaulk,pqfvlrnizwaskj,27/03/2022,17/04/2022,932,355
327,Anthia Dorcey,nyhwjrteldgibazvopmq,04/05/2022,13/08/2021,869,177
328,Alix Grcic,hivebpgfdk,16/06/2021,09/08/2021,569,876
329,Fraser Blinder,uxbmsjwnyrtvdlcoki,24/09/2021,18/07/2021,712,462
330,Layla Mingo,sgkpdcymhtnrqlzixo,04/07/2021,14/10/2021,650,649
331,Mylo Wiltsher,xsjczneabpro,05/06/2022,27/01/2022,130,995
332,Flory Klaiser,byldewogfkvuz,26/04/2022,17/02/2022,914,472
333,Honey Redwing,cgzmykeqndfprbvxito,22/09/2021,13/05/2022,275,749
334,Alphonse Biasetti,bgixcwtlhyauvqjdfnr,04/01/2022,15/04/2022,60,823
335,Euell Gilhooly,ntfzumqhry,25/06/2021,20/11/2021,58,454
336,Vasilis Pilling,pirnbkcwaulfdxye,30/12/2021,27/03/2022,840,341
337,Bria Chedgey,wltfighdqpxm,08/07/2021,15/12/2021,748,339
338,Nahum Vankin,yjaqpzctwvhbsmfndxl,18/09/2021,28/03/2022,189,524
339,Jodie Dearden,dtxqcirvlnaujy,12/04/2022,19/03/2022,674,184
340,Kissie Maciak,cwrfgmaeolsbixtpj,16/07/2021,31/03/2022,487,674
341,Terry Gudd,mwypskotalqdnf,10/04/2022,15/04/2022,709,96
342,Billie Voyce,pbmteuvkjnhwysarf,16/12/2021,16/03/2022,139,513
343,Gwendolen Gigg,ijvhosgwrfb,24/06/2021,25/06/2021,699,164
344,Peg Threadgall,yqhpojzvxgtnrfbm,05/05/2022,25/11/2021,925,104
345,Erica Fransseni,nfosybxtpkirz,22/01/2022,25/05/2022,42,840
346,Lenee Harsant,umfdgjqphtwb,19/09/2021,08/01/2022,555,170
347,Sven Sigge,ceutriofmqaz,21/08/2021,21/12/2021,548,88
348,Sissy McCloy,pkvmqhcdgneoj,05/08/2021,26/01/2022,521,48
349,Sylvester Slamaker,lrazehkfqytpjvbou,23/02/2022,31/07/2021,476,818
350,Tawnya Turfitt,imeqlczxfnwbjt,27/05/2022,22/05/2022,427,740
351,Rosalind Oxnam,qyuspkbowvghmeznrxf,24/09/2021,11/12/2021,250,424
352,Regan Jankovsky,qoxfibdytkgv,03/05/2022,10/05/2022,579,353
353,Hollis Arnaut,vuxbjqyroctwdekfnizh,31/12/2021,21/12/2021,929,365
354,Clint Maruska,nrbqjztudskhewgyfm,30/12/2021,29/12/2021,431,619
355,Vania Domenge,cpqrkxmlwbsfuenzj,13/11/2021,16/05/2022,767,977
356,Salem Glavis,jhyzpdirklosfcatnxuw,28/02/2022,02/06/2022,101,387
357,Averil Dillingston,uygxrafsjlzbko,16/03/2022,03/04/2022,158,836
358,Pammi Blessed,vydxknibrmhewoluc,24/03/2022,26/08/2021,308,941
359,Justin Mather,ayinztpgxvko,20/10/2021,24/05/2022,1,877
360,Johannah Hamber,vcxmznwlkj,10/08/2021,22/07/2021,190,216
361,Bryn Eltringham,ynifvuobrldtgmhjqc,19/11/2021,27/07/2021,102,36
362,Chad Hannay,vydpczbnuqx,15/09/2021,21/08/2021,237,456
363,Free Ducker,ufhscnarby,22/04/2022,17/09/2021,660,319
364,Russ Pleaden,lxuhdmrtbsfagynoz,31/08/2021,26/09/2021,51,726
365,Cody Ducker,qgcjaurdykhfzbeinxwl,22/03/2022,04/10/2021,28,21
366,Camella Achrameev,fsputoxknvqaghd,11/06/2022,20/01/2022,952,913
367,Mariana Jakeman,rezchljyqvinbxwkoaum,01/02/2022,19/08/2021,690,240
368,Evelina Blaiklock,aoprjxlfmyesdwvgb,31/07/2021,21/06/2021,659,594
369,Keelia Stapele,zgevbprnkdtwyumjhxic,25/07/2021,04/09/2021,732,390
370,Oralla Budleigh,qhnylsepijwfzagrv,20/05/2022,18/05/2022,419,271
371,Hobey Longhi,tdmfockebal,19/04/2022,01/09/2021,2,222
372,Cosme Boyford,hxjzmpgkciq,16/03/2022,29/03/2022,892,194
373,Rhody Doget,hkwtjueyqmdpvz,04/01/2022,09/12/2021,435,264
374,Bambie Trusler,uglkrfwbazycpsv,12/06/2021,12/06/2021,542,388
375,Harriet Pebworth,txqcypnzeivsm,08/09/2021,25/12/2021,43,433
376,Palmer Moreby,rwoedatjpvfszcl,31/05/2022,14/11/2021,335,193
377,Giselbert Westhofer,mebqshapwfuoz,19/02/2022,28/01/2022,505,138
378,Orsola Yellowley,ctemkfsjgdyqixu,06/08/2021,06/07/2021,853,675
379,Manya Coats,dhafgezpul,04/06/2022,10/05/2022,903,411
380,Hildegaard Finnan,lrmuzwxsfgkyndctb,29/07/2021,31/05/2022,562,617
381,Malissa Collard,pcbajnqfoshixrg,17/06/2021,23/08/2021,585,934
382,Imogen Cornillot,wuqkctjxise,26/09/2021,24/09/2021,450,860
383,Gothart Ropkes,kcezpnihuwsmqlodbfjt,02/12/2021,23/08/2021,322,791
384,Linzy Hurford,xuyrvljafwipbsg,01/12/2021,28/06/2021,140,24
385,Fayette Keedwell,derwhvajuqnboftizyp,15/03/2022,02/02/2022,290,124
386,Daisy Gifkins,wifjmlkrnuhdy,01/10/2021,08/03/2022,624,880
387,Stesha Gaine,jytdxvpszho,05/02/2022,10/10/2021,231,733
388,Cathie Bremond,kihslaguqcyzj,03/02/2022,08/09/2021,445,569
389,Linell Antonietti,jufiamcdybowregp,02/10/2021,12/05/2022,31,517
390,Chancey Fanthome,wqhotxydlkebi,03/10/2021,26/01/2022,192,566
391,Miner Ferrillo,eysxgzplwutmcbk,27/08/2021,18/09/2021,245,996
392,Odey Prangnell,icqsoxrlhb,06/03/2022,05/07/2021,157,421
393,Giusto Frizzell,lxhdgutwfkrjmq,29/11/2021,29/06/2021,771,146
394,Zacherie Alphonso,jkdlqsvherin,12/01/2022,05/05/2022,700,463
395,Annabel Averill,xqkefnagycb,11/11/2021,15/04/2022,951,63
396,Agneta Anlay,tvlnxgrhiedzbjpqyowk,06/12/2021,18/11/2021,970,786
397,Carolina Cockill,anjhcbwtmg,16/06/2021,25/05/2022,460,591
398,Carlen Schult,xrfevwyaighbsodtcpl,28/10/2021,13/02/2022,691,372
399,Maurice Benfield,kjequthrzy,29/11/2021,25/05/2022,121,107
400,Ricky Marcinkus,rcyuawtvghflq,22/09/2021,24/01/2022,526,198
401,Perry Klimov,natrbwgdmhqklxjiuyvs,25/11/2021,16/08/2021,937,743
402,Matilde Cringle,atkrlbcmgdszypfnj,10/12/2021,19/10/2021,285,548
403,Tallie Fogden,igfvuostexchbqzpw,01/06/2022,21/12/2021,559,894
404,Mathias Blaymires,ojfiyqvslhznacg,31/08/2021,22/04/2022,676,27
405,Molli Cheshire,yirepgtmwjbc,28/02/2022,18/03/2022,657,315
406,Charlene Pawelek,haifdrmlkobuswnjxy,11/11/2021,18/09/2021,983,624
407,Lannie Pengilly,fmzltwsharxujgkp,02/12/2021,02/07/2021,263,223
408,Fairleigh Shewsmith,kiyodvgbsqwatupj,25/02/2022,05/11/2021,478,478
409,Fiona Heater,xwranmeyikofzq,30/05/2022,05/05/2022,471,235
410,Gareth Reuble,uyszciptgxfakqwj,01/05/2022,16/04/2022,434,501
411,Cart Butters,alkwvquhpb,18/08/2021,05/10/2021,56,242
412,Chloris Trussell,gpxfquomzjwthkn,14/12/2021,27/02/2022,138,318
413,Marthe Pirkis,ogqfstxrlcnka,13/10/2021,23/07/2021,315,227
414,Jacob Greenrodd,jpzmdfqhvlgibynoca,04/03/2022,16/07/2021,966,890
415,Lola Wilce,mkoxeflnyht,08/11/2021,27/04/2022,491,220
416,Cissy MacShane,vlzsjghwcyaqmebn,26/08/2021,09/09/2021,36,726
417,Cati Ducker,dtoarxqhwie,05/02/2022,21/08/2021,682,949
418,Benni Clarey,paonjqlkermtwvsc,05/04/2022,17/01/2022,203,18
419,Cyrus Trenfield,jimptalygzroekcb,06/10/2021,08/05/2022,204,230
420,Nolly Willcock,xpjrmcbfziyuaeg,03/08/2021,13/08/2021,310,39
421,Milissent Glaserman,cdywfavklp,04/07/2021,13/02/2022,388,274
422,Gayle Hablot,woqpzigyjvtbnafl,30/09/2021,22/12/2021,101,224
423,Pancho Woltering,gjpzbcqrhoaketxm,12/06/2021,02/01/2022,818,369
424,Tracy Heatley,sbytkzafxqh,21/04/2022,25/11/2021,842,385
425,Dalt Von Welldun,ypntbrzfgsdovemjxkch,29/03/2022,07/09/2021,834,735
426,Mortimer Jaggers,najuvlhzmydbiofqctx,27/06/2021,13/01/2022,41,907
427,Lyle Bingle,sivrwelufjpqcoz,10/02/2022,31/03/2022,838,419
428,Marie Blakebrough,mjhnyxqfuwcat,29/10/2021,01/08/2021,120,338
429,Trevar Rutgers,pjnzklasvuroyt,16/04/2022,22/07/2021,641,208
430,Marten Gallichiccio,ghvscrzjwuxndpytmlko,21/05/2022,20/09/2021,466,328
431,Clayborne Loram,zgxbmfurceynq,10/11/2021,03/12/2021,222,323
432,Kellen Blundan,pzxvnmitawhsuekj,27/08/2021,23/03/2022,208,847
433,Riley McGraith,htcyrjzimsvo,25/06/2021,07/09/2021,938,952
434,Jaquith Sibille,xewndiqzrmbkufpylcg,14/10/2021,31/08/2021,329,368
435,Evania Cruddas,atocmdfkvlyzjpnrw,27/12/2021,20/08/2021,751,891
436,Ros Petrik,laxvymibdoswgq,27/11/2021,25/04/2022,552,464
437,Bessy Longina,peymjhodqwsnrbazvig,26/03/2022,16/03/2022,507,627
438,Donnie O'Keenan,tliepnvchgram,02/12/2021,12/03/2022,70,140
439,Nola Kiss,xenflmbrqiczyavkpho,21/12/2021,27/01/2022,585,456
440,Millicent Varndall,fcxudqymakwnrhgovs,08/06/2022,23/01/2022,822,406
441,Ivette Grzegorczyk,hriubvwdqxgajoeynkc,07/11/2021,18/08/2021,670,790
442,Carlye De Witt,wuaosdtbymlgvikqn,16/09/2021,04/03/2022,121,129
443,Freedman Greenland,fnagiqymcrojlezwhb,11/10/2021,18/05/2022,680,282
444,Guendolen Okey,uqzywglfireoxd,07/12/2021,18/10/2021,916,836
445,Nobie Ipwell,iagxtrvnbmzj,26/06/2021,22/04/2022,863,102
446,Daphene Faragan,hymvsafxpqecluwz,17/12/2021,11/05/2022,604,149
447,Linn Grabban,vzliqbmfywnkchrospaj,21/08/2021,22/08/2021,504,569
448,Ora Soane,aurmbtvynsc,16/10/2021,19/04/2022,846,451
449,Eugenius Luck,vewsbaoizuycqjkn,03/07/2021,15/03/2022,283,987
450,Audrie Youdell,vfapwyjgdqsnioxkmzl,14/04/2022,16/09/2021,477,734
451,Hollie Venneur,otzpwdlrfe,22/07/2021,03/01/2022,217,527
452,Sebastiano Najafian,ianvwhqefsmxulky,08/12/2021,26/12/2021,667,526
453,Roth Reedy,adygnsmqjipueovxkt,07/03/2022,15/09/2021,655,544
454,Lurlene Gockeler,vmxopyzqlawbktcsenj,01/12/2021,06/11/2021,895,195
455,Dallon Howes,epktqxuosybzjld,18/08/2021,17/12/2021,438,365
456,Lyndsay Silverthorn,adbcpvlwhnqso,02/12/2021,04/03/2022,576,787
457,Jaymee Croyden,djxehcawtpknzismlqo,13/05/2022,22/02/2022,560,366
458,Gun Starr,jdfwvsknguhlotyec,27/01/2022,03/02/2022,149,158
459,Carlyle Arthur,bnzeiqyhadsr,08/12/2021,11/10/2021,75,31
460,Missy Andino,wqytajidhkerpfmxscou,14/12/2021,16/04/2022,148,163
461,Idalia MacKaile,eqnuywlfipbtosvh,27/06/2021,29/05/2022,546,791
462,Tessie Huckin,audzcrmxblktoyvisnpq,07/02/2022,21/07/2021,68,482
463,Dexter Winton,jpmgodilasvz,25/08/2021,05/04/2022,411,520
464,Patrizia Sprakes,bfrypklimhgz,10/12/2021,08/09/2021,58,289
465,Donalt Morfell,uetmqrzjofnyla,31/01/2022,19/03/2022,314,656
466,Alice Deackes,twobqilmjsgavx,10/06/2022,12/07/2021,96,213
467,Eleanor Softley,bnyzrlexgufcdjpiaqt,02/04/2022,28/09/2021,739,539
468,Thor Questier,htmblfuvdgcnwes,06/10/2021,28/02/2022,114,273
469,Efren Schuricke,bgfchjurvsqxtlodyzw,09/12/2021,08/04/2022,580,919
470,Beryle Hobble,vnqejmzcsgablk,21/05/2022,29/07/2021,72,132
471,Marney Tremblett,ugncjswxmbzqveork,23/07/2021,28/11/2021,275,350
472,Dimitri Schwandner,kuqfrmtpjbwh,18/04/2022,17/06/2021,747,55
473,Lev Pullman,hsvipdmnjwgxtlke,20/11/2021,05/07/2021,992,117
474,Kizzie Vear,dcoqbkhzwnyfragsj,26/08/2021,17/01/2022,481,286
475,Daffy Ormonde,okqfjrialpsdnwexguv,25/06/2021,05/04/2022,674,699
476,Adella Moxom,zmlgtnxrdpfhvjecqsy,05/07/2021,30/10/2021,780,105
477,Devi Trussell,gzxwcylatm,04/08/2021,07/04/2022,626,872
478,Bogart Warfield,jtzmuihdpoalskc,31/12/2021,25/04/2022,617,977
479,Giuditta Stangroom,bseaqgzyfld,29/09/2021,05/04/2022,382,670
480,Merrili Daspar,xhdacnftwjumrq,07/10/2021,20/03/2022,743,918
481,Anni Magrane,rqziwvpdyukjf,11/06/2022,22/04/2022,373,731
482,Fritz Gianasi,ixroyetquhdmbsnwkpj,20/11/2021,20/04/2022,194,974
483,Gary Fewkes,lurbfsgjviqyc,28/08/2021,13/09/2021,191,505
484,Dawn Karim,naulqbvihwfzotgd,09/07/2021,29/03/2022,615,639
485,Loretta Blethin,baixnqpolhcjytg,09/12/2021,31/12/2021,168,577
486,Roz Leftbridge,yhifxdcenrawzjlbgp,23/06/2021,21/08/2021,748,52
487,Andriana Boskell,lbgqwtznryfd,05/04/2022,21/09/2021,539,521
488,Neddie Gilliard,yaujehibvszwgtqlndrk,04/03/2022,24/01/2022,771,109
489,Osbert Ochterlony,xnegqkpavrhtuyb,10/12/2021,28/07/2021,533,192
490,Warner Sedgefield,nlusexzidk,16/05/2022,04/02/2022,197,935
491,Eolanda McLeman,idnxgbkoqjvs,12/11/2021,10/08/2021,428,371
492,Tedra Wipper,uokvngibpzqelxrwda,26/01/2022,01/02/2022,601,454
493,Marketa Pragnall,nwesmbakdihtoxu,04/09/2021,15/04/2022,899,142
494,Claus Bodega,nxrlmogifchsptqbzwye,16/01/2022,09/03/2022,348,552
495,Philipa Cater,azqgcdtkjnvehyompi,01/07/2021,29/06/2021,259,834
496,Briana Ragg,yqmlaredguiwo,20/06/2021,29/10/2021,826,799
497,Walt Speedy,rdopcynuqebhaswzmftx,04/05/2022,16/11/2021,398,474
498,Tiffani Raff,qofaxnsdhlijwrumy,20/03/2022,05/10/2021,29,561
499,Moise Wroath,shqvkbnaegcyiuxltmwf,25/01/2022,02/06/2022,556,216
500,Yard Troy,dmhtkivrazyucqojng,19/02/2022,05/09/2021,952,141
501,Westbrook Callard,mlrbqthvafcdsk,28/04/2022,12/09/2021,90,455
502,Glynis Kezor,anmoejigyb,28/02/2022,26/05/2022,430,533
503,Gilly Challenger,jcqglbdfkhei,02/03/2022,22/11/2021,830,551
504,Manfred Pirkis,hmetrvgxkcsfjypazw,14/01/2022,27/12/2021,76,201
505,Goran Berndt,housecrwivnqzjf,07/11/2021,26/10/2021,63,351
506,Brod Hrachovec,exhwifcrzsd,25/11/2021,31/01/2022,650,148
507,Beverlie Stanyard,ysgpvlrdohuwfnjeiqt,19/02/2022,11/03/2022,124,325
508,Anna-diana Cianni,cyxjwgimdszplfkb,06/08/2021,03/02/2022,17,245
509,Lana Chisolm,uzymreqcovjxpknhgsi,23/02/2022,04/01/2022,358,840
510,Brody Ivantyev,qbsgjyaxfetkziomlcw,16/07/2021,18/08/2021,871,678
511,Lidia Swindells,lfgesbvncdzyjhork,08/07/2021,26/08/2021,815,870
512,Noach Balmer,gzpuvnxslowyfkeid,10/02/2022,21/08/2021,181,881
513,Garik Fryd,ubaxrfkpyqzgitwmhosv,30/07/2021,13/04/2022,503,168
514,Selia Webben,bvmkntcwaxoe,14/09/2021,15/05/2022,460,508
515,Robby Sabatier,rbvlpmakwetucfx,22/03/2022,28/03/2022,61,609
516,Will Lucien,janfcobdsxqpk,27/02/2022,02/08/2021,528,783
517,Urbain Thebeau,irpzsmcghkltanydxu,15/01/2022,14/12/2021,951,999
518,Sibbie Ruffey,kvzcfgxaejnmbpyqdw,11/01/2022,10/03/2022,97,67
519,Fannie Merfin,hefvunyikablpoqxmrwc,05/05/2022,02/10/2021,987,63
520,Jo Hannabus,xuhkpezgjmnibc,15/08/2021,25/09/2021,271,967
521,Terry Culross,fgrleqwhjysankptcxi,30/11/2021,04/07/2021,365,77
522,Dierdre Blench,nzytxrbfsvwk,11/06/2022,10/10/2021,798,196
523,Lenci Tubby,iovlzxqjhmbykdwuan,27/12/2021,28/11/2021,37,288
524,Halsy Halson,gdmecjqkyxnwfhboi,14/07/2021,18/07/2021,941,748
525,Adrianna Gohier,ycitwrlvmnk,10/11/2021,09/07/2021,532,957
526,Edvard McEneny,yfbqhxsurpvctnm,15/04/2022,30/12/2021,302,800
527,Brantley Rosbottom,sxozjfnhdrgtwpm,10/02/2022,04/10/2021,82,608
528,Kerrill Bricksey,hrvjwygxkaqcd,09/03/2022,10/02/2022,908,459
529,Ram Claiden,mdfbxghwapliyetjvqr,29/04/2022,05/01/2022,977,534
530,Elana Dict,sbomrnhkdupcvjxlfy,06/08/2021,24/03/2022,180,963
531,Putnam Smerdon,rdkhunyawflqemvzis,27/04/2022,21/08/2021,637,797
532,Koressa Basire,hwxnsevfdbpuako,12/07/2021,15/11/2021,515,996
533,Jolyn Wild,ycrmxktweqpiozg,21/08/2021,14/05/2022,432,513
534,Janaya Nimmo,fdvjbzutokmerwgxnhp,03/02/2022,31/07/2021,892,179
535,Emeline Ginnelly,slgfiuqpahm,04/10/2021,31/03/2022,782,568
536,Daisie Waryk,kovsfgwdbqip,24/05/2022,28/01/2022,112,806
537,Ax Butson,lyjfpdmkbtzsv,24/07/2021,02/07/2021,50,893
538,Brita Rottcher,ryeigwjqsvkn,12/04/2022,21/08/2021,820,863
539,Phip Adelsberg,zvodugjfxrikl,14/07/2021,17/08/2021,326,709
540,Emmaline Langthorne,hwaobtpjrs,10/02/2022,29/10/2021,64,687
541,Charla Fairleigh,njrtihpquxgacedo,06/01/2022,15/12/2021,146,329
542,Emmett Schowenburg,kylqvcdirhfptsnwmxoe,12/12/2021,14/10/2021,351,832
543,Philis Talton,dchngsmoyjflpevui,04/07/2021,14/12/2021,16,634
544,Shermy Gregine,xjcletrofs,08/06/2022,03/05/2022,290,993
545,Lona Moller,djvohzeqlu,27/10/2021,28/10/2021,392,543
546,Towny Millthorpe,mjkoqthbrz,19/07/2021,30/10/2021,380,175
547,Addy MacDonell,qucxvahebylrwkg,11/01/2022,27/01/2022,429,956
548,Clyde Codron,aldmhfinsyjp,27/09/2021,12/07/2021,86,618
549,Donia Denidge,fgyktsdvpnhwlarue,02/08/2021,11/05/2022,258,905
550,Lenette Frankiss,rsteogxpbnkidwmqcyua,18/05/2022,18/07/2021,706,785
551,Nils Galtone,ielcxrfmokyndajhs,06/10/2021,22/03/2022,587,10
552,Wright McGuinley,ltucmzwendbjxoa,17/08/2021,28/11/2021,441,494
553,Enos Attryde,mvdgetxsyb,15/05/2022,05/06/2022,835,463
554,Bat Zucker,rnxsjemfbty,18/06/2021,10/03/2022,261,759
555,Ardeen Metcalfe,duylvrwqmsctefi,11/11/2021,15/10/2021,231,453
556,Louisa Dibner,vmaehbqokcznjtfp,02/12/2021,18/12/2021,88,677
557,Brittne Longhorn,kdbojmvywulazxsrenpt,13/09/2021,02/04/2022,304,296
558,Dolley Curner,yzafumkxqj,23/05/2022,21/07/2021,40,53
559,Imelda Wicklin,yhileqorjksbadvpugmx,08/01/2022,28/01/2022,527,305
560,Mendie Imesen,fwczrvnymkodbj,09/10/2021,20/12/2021,663,917
561,Chrisy Batram,yokiqdfvulxnhmgjz,02/11/2021,20/01/2022,567,215
562,Cecil Pykett,emjckvqwyfpu,22/06/2021,10/07/2021,104,643
563,Aurthur Drewry,rntmqwgepzifay,31/03/2022,12/08/2021,876,448
564,Vito McAw,gixayejprtducnzo,30/05/2022,05/08/2021,545,916
565,Eddy Weeds,ywaemtjzxcsvibukf,13/11/2021,22/02/2022,945,409
566,Jessalin Breslauer,qnjvosmxehkugrdtzl,09/06/2022,04/07/2021,461,637
567,Damon McKinley,gzhsvnpqfiljwumcrdk,03/06/2022,17/09/2021,109,889
568,Annmarie Clowsley,ysjqtxwvokngefcla,02/02/2022,30/04/2022,492,936
569,Luisa Carrick,fjndetxmuwrylgc,12/03/2022,18/07/2021,446,399
570,Rosemarie Riditch,bvxpytcuqk,01/07/2021,07/07/2021,647,829
571,Andrea Habeshaw,wohibrveltdusjm,05/04/2022,29/06/2021,74,240
572,Meredithe Brennenstuhl,puzqyinlwgxbaedjmosk,13/01/2022,29/11/2021,395,471
573,Booth Beedie,trepoiqufkl,01/12/2021,22/04/2022,855,929
574,Dixie Kirkam,jivokehmtfdqrcpgaxnz,15/04/2022,26/10/2021,752,669
575,Nicholas Creegan,jsnqvpxazwf,13/04/2022,06/06/2022,660,717
576,Hilary Dorin,qbhlrpcwkv,30/03/2022,12/05/2022,917,8
577,Lolita Bowdidge,hrinfsabuqt,06/01/2022,18/09/2021,902,506
578,Bobina McMorland,ycozjfsbewudkma,26/02/2022,13/02/2022,359,341
579,Bryant Moffett,taywzbgieorlmdjck,18/06/2021,23/11/2021,606,525
580,Joelle Gentner,sqzcvjxwtlra,26/08/2021,18/02/2022,959,339
581,Jo Waddingham,gkmydrjhxfnctv,10/05/2022,09/01/2022,960,602
582,Sheila Paynes,mvtcqgsouj,12/12/2021,12/07/2021,106,647
583,Merle Grund,qiefavsukcltmyzd,11/06/2022,02/06/2022,254,596
584,Wells Hiscoe,bzafukjrcphxs,19/02/2022,11/02/2022,450,87
585,Brit Michel,vcnkmlwjixgd,11/08/2021,16/05/2022,894,45
586,Deloria Stidworthy,zgiqnmxlbt,18/11/2021,05/08/2021,401,250
587,Jackie Katt,avzwqsrdpiekt,04/06/2022,07/05/2022,497,868
588,Brianne Emblin,zrefoyjkhcwlb,21/06/2021,17/08/2021,248,239
589,Codi Fogden,yiboumszlaxqrgvnpfd,13/02/2022,10/03/2022,963,844
590,Linnea Caveill,xzhqwpafglnidjmt,29/03/2022,04/07/2021,599,502
591,Catie Loxdale,fuqjhyxesvtlirmd,09/09/2021,20/10/2021,865,258
592,Tan Haselup,zucnwgrkbmdej,28/03/2022,15/12/2021,270,106
593,Asher Frackiewicz,wxocmtfiraluz,04/07/2021,26/10/2021,923,867
594,Rebecca Donner,cfekvoyszraxnqwjpig,29/05/2022,21/03/2022,772,661
595,Lesly Sandland,zhmqvwitgsnpaocyule,24/03/2022,29/01/2022,774,650
596,Jonis Carlisso,bdmnosltfhrqvu,12/11/2021,14/10/2021,861,161
597,Veronika Ramelet,bngdxjlwpsf,23/12/2021,05/12/2021,661,499
598,Aurelie Ipsly,gacjmhftpbovze,18/03/2022,30/04/2022,864,997
599,Anthony Kemm,zsrqhlutcnefmgbki,21/05/2022,29/11/2021,808,928
600,Benjie Jelley,psxbdalckfjzqhomgtr,01/03/2022,12/01/2022,764,35
601,Pat Richel,rkhqecwtvunaysgfdp,12/03/2022,08/09/2021,381,564
602,Prisca Le Guin,bgnstojqxwmzu,30/04/2022,09/05/2022,812,447
603,Tailor Prudham,wpklgozcvufht,04/09/2021,20/09/2021,220,803
604,Nicholas Olorenshaw,luyfqvekzoand,16/01/2022,18/11/2021,83,75
605,Kelsey Whiteley,tueafxcsrhyw,17/06/2021,26/05/2022,486,330
606,Suzann Lownds,wuxjyacfdql,24/06/2021,18/09/2021,281,820
607,Kerstin Stolte,vzqlamhcjywoxsdupkig,25/05/2022,22/12/2021,649,542
608,Blaire Huyge,zxaslutkinw,05/05/2022,16/10/2021,603,663
609,Peggy Urrey,ioryjusftpmgxwa,11/06/2022,24/03/2022,35,38
610,Linoel Pulham,xyzwuavhgrdpbo,07/02/2022,14/03/2022,756,377
611,Walton Killigrew,eqgbkanmtsirz,31/08/2021,26/10/2021,257,462
612,Kelsi Husby,vglcofphsreaximukj,04/05/2022,14/08/2021,339,133
613,Raina Heaton,bkfosiphdavgjwz,01/08/2021,23/11/2021,108,293
614,Clemmy Starkings,udzswolrtpemxnqbi,13/04/2022,29/04/2022,630,696
615,Clement Gerhartz,lngosaxiwuhr,09/01/2022,15/12/2021,371,969
616,Ronny Doppler,hfoxqtlrsgzmdcank,17/08/2021,03/12/2021,403,183
617,Trev Ledford,iugsxorfwalbeyqvjt,30/08/2021,08/01/2022,705,404
618,Alphonso Sowten,xptaydbefvi,28/07/2021,03/05/2022,260,492
619,Galvin Wyrall,zperqxygvhfjswl,23/09/2021,07/08/2021,284,576
620,Romain Barens,kfpojsimhuelaqnz,29/05/2022,16/12/2021,265,317
621,Tyne Mongin,wozgelrbyf,21/12/2021,29/12/2021,387,804
622,Hugh Tungate,lkgqyudzwmajnxpei,01/01/2022,11/08/2021,331,157
623,Rand De Meis,dcxqzfweuhbartnsp,06/07/2021,28/10/2021,701,103
624,Robin Posthill,vihymdeglz,30/11/2021,23/12/2021,413,68
625,Yuma Derry,igpyxwzcejuvdsm,20/03/2022,22/12/2021,827,167
626,Nigel Hoggins,ihbdygtjsxvcml,23/04/2022,10/09/2021,612,252
627,Raffaello Magovern,idqzmhutpsercvnjg,24/01/2022,15/10/2021,943,536
628,Kienan McCullock,pstgrwzvcxlmei,12/06/2021,02/04/2022,408,414
629,Fiona Muckian,esmfbilgzyvnchpouq,06/12/2021,30/11/2021,186,112
630,Reeta Duncombe,zrhswokjdpafb,12/03/2022,12/11/2021,659,229
631,Wenda McGruar,gwnetrxjklzvfspahud,03/05/2022,17/12/2021,805,635
632,Julia Bambrick,lfazyjnpvckr,05/07/2021,18/05/2022,735,56
633,Margareta Jeffries,oputkgcnwamqxrb,29/01/2022,27/06/2021,973,358
634,Janelle Hearson,miuplgztahowvyfqj,02/05/2022,17/12/2021,454,866
635,Sheila Rackstraw,bfcjieldakh,09/12/2021,12/11/2021,854,278
636,Koral Mattingson,dqmchlaznfgpotyjuw,10/07/2021,23/10/2021,716,763
637,Baily Sterte,fatvwypbro,05/04/2022,26/10/2021,654,80
638,Chuck Timlin,xnpwgtcbsvijhlu,27/09/2021,10/12/2021,172,444
639,Dallis McCunn,mwzaidokvrybh,23/10/2021,27/06/2021,563,243
640,Tracie Lowder,nitxlysbvcmqjzkowa,11/10/2021,26/01/2022,514,450
641,Carlita Scurr,woadjqsyvfe,25/04/2022,14/12/2021,571,25
642,Albertina Bartolomeoni,bwpnudsexhmjtkofyr,05/07/2021,24/03/2022,570,226
643,Doroteya Mothersdale,cxyjfdlsnhb,21/03/2022,05/04/2022,211,930
644,Erik Scurrah,lyjfuwsvanexq,06/06/2022,20/03/2022,253,642
645,Willi Revening,epbcmqaiwfyn,21/08/2021,08/10/2021,553,792
646,Ginelle Fine,cxlmhtzwadfyubj,15/10/2021,24/10/2021,487,644
647,Munmro O'Cosgra,drhlnbpitkafswux,17/11/2021,03/08/2021,301,151
648,Phillipp Natwick,subtpkvhwxiol,24/07/2021,08/11/2021,279,166
649,Chanda Grichukhin,pazgfnuksdcbxewthmij,09/10/2021,21/05/2022,69,692
650,Elsworth Darkin,urflqnepozidw,04/08/2021,15/02/2022,409,780
651,Courtnay Shalloe,btgrpausiyqme,07/07/2021,02/07/2021,502,83
652,Salomone Sterndale,qwyvldhgjofzxasiumb,28/08/2021,23/02/2022,999,95
653,Lonnie Brockington,myieqzrcpalhdnbg,06/12/2021,21/03/2022,187,361
654,Brodie Connolly,vnskoaucwbpdqehmgl,21/11/2021,21/12/2021,881,232
655,Leilah Pichan,hxwfakrngt,20/11/2021,03/01/2022,368,307
656,Pippy Hanselman,itewjxqpaos,12/02/2022,08/11/2021,176,737
657,Burlie Giorgioni,zquabocpxwlrhvs,25/06/2021,27/12/2021,325,606
658,Fritz Hucks,xwjznpyfkslobaguidhe,13/03/2022,01/02/2022,736,89
659,Fancy Passo,tqivasjemnfzdxoukpch,16/06/2021,05/06/2022,79,852
660,Buffy Cawkwell,fbetsxkyolqvijzpnh,23/05/2022,08/01/2022,823,630
661,Jeremie Bricket,lxqwrdjbtkynmgvh,28/09/2021,13/07/2021,538,706
662,Kort McTear,iudsqapfztchn,23/04/2022,06/03/2022,582,139
663,Hugibert Sleightholme,bzpnumqxritogd,01/05/2022,18/09/2021,230,827
664,Idalia Thacker,sqziajkpdcxmgvhf,09/02/2022,24/10/2021,506,234
665,Tobie Parr,dfuakmjqgezsn,27/02/2022,21/11/2021,512,614
666,Cornelia Wesley,yjfskvwholpcztmuaed,03/04/2022,09/11/2021,192,193
667,Lauri Bachnic,pknyrgozhsiabmvxjlut,09/02/2022,27/10/2021,872,19
668,Giraldo Flockhart,vqtjkwilufnp,28/01/2022,21/01/2022,581,992
669,Maureen Izak,kmqehslpzgnuraxcdbo,17/05/2022,04/05/2022,377,72
670,Normie Million,umsahqoibjl,27/05/2022,15/01/2022,521,204
671,Celestina Herrero,rvjslpxwoq,31/03/2022,20/04/2022,685,557
672,Loydie Mouser,taxzlksvwmde,03/06/2022,11/04/2022,366,248
673,Reinold Fryatt,tsiagoxulqjhwrfzykv,01/10/2021,15/12/2021,750,247
674,Angus Busch,ltesyaxmgqdrcibzkphw,28/01/2022,09/06/2022,915,334
675,Yvette Coulthurst,oexjgrktvmfzh,31/08/2021,25/01/2022,618,51
676,Leslie Scargle,qapwthoyluebvgkr,15/11/2021,05/03/2022,2,701
677,Ailey Jakeway,enkilzjtmqvrogawudh,18/07/2021,12/09/2021,26,994
678,Corbet Estevez,dwcxlsnjyqbkmit,12/02/2022,18/04/2022,840,854
679,Ardra Riolfi,cgrxubpkiq,04/07/2021,29/03/2022,658,134
680,Yorke Phelit,wdzyxipafevmqnlusgjh,28/08/2021,27/04/2022,849,924
681,Barnaby Ivanishev,ruplxtzajcwfmeqy,31/03/2022,05/04/2022,54,965
682,Hamilton Bassill,ysrdwvbjehac,30/03/2022,21/09/2021,996,980
683,Wain Pionter,ycvtwemqrgalnkzs,14/04/2022,02/07/2021,311,651
684,Andy Scard,yfaszmcvtoikjlherg,26/09/2021,18/12/2021,278,398
685,Lance Keavy,zumndxvfiotrqscg,18/05/2022,09/02/2022,144,594
686,Kimmie Skillitt,eukfjomnzaibxrhwvd,08/12/2021,15/06/2021,198,697
687,Donnie Gillanders,auhtsejqrzwfvigynpbo,02/02/2022,29/06/2021,128,465
688,Aeriell Arran,jcavmfhpyib,04/05/2022,06/08/2021,245,629
689,Kile Izakson,dgivslkxbajuqt,16/10/2021,17/03/2022,578,379
690,Cassandra Doole,oythrjugzfeaikdws,22/09/2021,19/10/2021,393,512
691,Robert Gyorffy,tclnfdiojyb,19/09/2021,02/08/2021,766,119
692,Aviva McCahill,gufmxpyklrbn,17/09/2021,27/02/2022,759,284
693,Ruthi Opie,rodtpcblxjem,07/07/2021,07/10/2021,77,246
694,Ginny Thorwarth,yqkvlasdzp,27/05/2022,17/09/2021,207,69
695,Leo MacCostigan,rzqdwhtbmypk,10/01/2022,31/05/2022,55,983
696,Renaud Breeds,wlniqaucktrvgxsj,12/06/2021,13/08/2021,932,802
697,Toddie Kevane,ltwxukpgrhqmn,13/11/2021,10/08/2021,212,530
698,Hunt Brannon,vzfrqbtujcd,27/03/2022,10/04/2022,537,324
699,Gloriana Hugo,izupqcnbykrhx,15/01/2022,09/12/2021,788,261
700,Drucy Garratt,kzxocgtqnwvhay,12/07/2021,29/03/2022,277,408
701,Sebastien Koenraad,qazliwjfro,25/08/2021,16/04/2022,789,162
702,Richard Aburrow,jftcuwraezhbyv,28/01/2022,05/07/2021,949,646
703,Grannie Warr,armfuxdlwzievnhptks,28/12/2021,20/05/2022,681,673
704,Ephraim Ion,siavteylhomjxpcbqrn,31/01/2022,29/10/2021,561,914
705,Laraine Hegley,cqisldoywahbgnkxjupm,02/02/2022,25/03/2022,161,402
706,Delia Keyme,tuobqpzkalmdeijrfxn,30/01/2022,02/10/2021,930,29
707,Levon Eddins,hsnukrxcaj,07/01/2022,04/09/2021,298,189
708,Ursulina Polkinghorne,ylzmewbrtivuha,06/09/2021,07/04/2022,946,814
709,Shelagh Takis,cirgvhpbalzqkuexsj,17/03/2022,01/12/2021,541,610
710,Goddart Swaffer,atnjehgozikqplyd,12/10/2021,04/03/2022,542,267
711,Bambie Boor,bnoavizqxerysudmlhck,18/12/2021,16/08/2021,627,953
712,Devy Bulbeck,kwqacyspuhmdtg,14/04/2022,03/11/2021,986,313
713,Kellsie Kerrane,rpadqfczvtngjmeubi,16/10/2021,27/04/2022,415,46
714,Carlynne Bullar,fgsezunhltvixbryd,04/06/2022,31/10/2021,22,546
715,Tedd Dominy,jevdzbralniftc,18/01/2022,13/08/2021,420,556
716,Chip Molloy,zhlnmgyqokjricsbapd,12/07/2021,17/10/2021,249,359
717,Scotty Pawlaczyk,nacwqlpouxevkg,17/12/2021,06/01/2022,763,517
718,Cal Primmer,myhkejdriafqu,27/04/2022,06/03/2022,273,849
719,Kai Bennedick,axwzmugpqlicv,08/12/2021,11/08/2021,468,2
720,Art Videan,eoahzxlkpdmqr,26/01/2022,16/04/2022,998,188
721,Dorothea Bleiman,artlhefckbxsovzdguw,06/01/2022,22/06/2021,740,817
722,Dedra Grey,lmyvhgfrztcq,03/02/2022,13/08/2021,554,357
723,Boote Dallinder,pbrfvjzscqgkdx,03/12/2021,04/09/2021,467,233
724,Hadria Camber,owmdzjknehrl,16/12/2021,07/07/2021,953,457
725,Julee McRill,jturoalinkybpwmc,10/08/2021,12/10/2021,14,920
726,Grady Vogeler,fntvlzkpxejoguyrmdh,22/12/2021,10/12/2021,889,976
727,Florrie Tale,cohfqivbswtamgudypxn,26/06/2021,18/08/2021,229,739
728,Prince Sandeland,dagxbsiwvoqkfmh,06/05/2022,13/08/2021,240,559
729,Brice Levey,ayrvxezwjkostdc,07/03/2022,10/07/2021,924,857
730,Vivi Waplington,mtfdiawcexr,11/05/2022,15/06/2021,903,653
731,Cesar Schmidt,rfiazhgdbncyqwlujpvo,23/01/2022,24/02/2022,940,941
732,Leeann Cattellion,zfokythqlgvewcps,24/02/2022,27/11/2021,509,888
733,Monah McGill,dzfulxipjotarhmn,14/11/2021,20/03/2022,555,848
734,Donnie Talloe,qdpbwroygiukfvmzca,15/04/2022,25/03/2022,775,146
735,Berte Josephson,gbsnpmyafqrwj,07/03/2022,31/07/2021,59,955
736,Petra Neve,zhgksmeywoijqndvtup,23/02/2022,18/02/2022,9,570
737,Karalynn Deeny,khmipvcjtqeagruybw,21/03/2022,24/01/2022,361,509
738,Adeline Korneichik,cezsofqaiuvhln,05/07/2021,03/10/2021,232,898
739,Minny Ritch,psnayegduozrwvi,24/02/2022,26/09/2021,622,595
740,Alec Bolzen,luktqvxscmbfodpjhe,15/05/2022,14/03/2022,844,778
741,Milo Wooder,amvohbjcpywkduxz,27/12/2021,22/01/2022,611,733
742,Alonso Estick,rztfqldyweajuhcs,09/10/2021,26/04/2022,444,638
743,Dareen Lambdean,fsrqdytzckvjxg,01/06/2022,07/07/2021,166,11
744,Ben Sweed,ojldbeywmkqzgvuh,20/04/2022,10/07/2021,607,695
745,Lolita Cisar,npjwmzosqyudbeiavlfr,09/09/2021,22/01/2022,80,645
746,Doloritas Giuron,uhpxvilajtskz,09/04/2022,04/11/2021,394,911
747,Clary Galliford,liunvbwgocfzmkd,11/07/2021,22/01/2022,312,101
748,Bebe Serjeant,cdmksploiaxv,16/09/2021,31/10/2021,184,679
749,Filberto Major,bfkgxjdsnoletircq,31/05/2022,28/03/2022,385,281
750,Dorie Gyurko,dohgfvbpcsljn,08/09/2021,31/03/2022,596,428
751,Kelli Yerrington,ebtxyokrcp,21/08/2021,04/06/2022,843,48
752,Di Lowrie,dmbcoaxgwtvsje,06/12/2021,25/03/2022,390,295
753,Hedda Rickeard,lbdyvknmgt,01/05/2022,12/09/2021,369,747
754,Gilbertina Drysdall,xldgwpmitfcqzkeursav,07/07/2021,06/07/2021,25,174
755,Hildegaard Bambery,npvcxhtemwuydjqz,12/06/2021,30/10/2021,47,504
756,Georgianna Drinkel,exicuymkgoslh,15/02/2022,31/12/2021,920,493
757,Ira Enever,mynbeisuxzghlovcdpt,08/01/2022,22/04/2022,813,981
758,Jocelin Eliot,vcieaqdxztypgbroks,03/04/2022,21/08/2021,324,22
759,Verney Hambatch,mjaixtkudpof,21/11/2021,16/08/2021,821,356
760,Xylina Glasscott,dqglmtfkywao,01/05/2022,31/07/2021,565,984
761,Catlin Gossipin,nhcbqpdlzireawsm,12/03/2022,10/11/2021,285,3
762,Winnie Setterthwait,aifylsnwmujzx,10/12/2021,28/10/2021,981,181
763,Dom Penquet,jhcxukgaiqln,31/10/2021,12/04/2022,135,794
764,Fanny Stonner,hycixdfsglvtoej,11/06/2022,08/12/2021,286,82
765,Paul Wahner,szythigqmxvewrkdc,26/05/2022,07/09/2021,869,28
766,Moishe Kiebes,ejxkypbslhfdwrq,22/01/2022,25/12/2021,91,975
767,Bone Kuzemka,ucrxyamigbjdhlsf,10/04/2022,14/09/2021,856,452
768,Gregory Normant,bagojlqkutpvm,12/06/2021,12/08/2021,970,33
769,Aggy Badgers,sjrhldvbfnwezuocyx,19/02/2022,18/10/2021,335,30
770,Justina Batie,waqcgkyuixe,15/09/2021,12/09/2021,906,60
771,Denys Stockey,cmahtdxveqzkfjobirp,19/01/2022,10/11/2021,642,765
772,Guglielma Matteotti,nteoxpjcgywavb,10/01/2022,17/05/2022,177,237
773,Gwyneth Flacknell,jekrwqvisl,10/09/2021,10/03/2022,436,487
774,Xever Frowing,fqoxhvpjwadieur,05/02/2022,05/10/2021,213,395
775,Aleda Dosdale,iswamxrhoqjyb,20/10/2021,17/04/2022,118,297
776,Regine Pieper,uokhqtpfygsjern,04/03/2022,16/02/2022,206,354
777,Heda De la Yglesia,hfxcejkduqbvl,29/04/2022,08/08/2021,12,470
778,Ursuline Serchwell,xeslfzcgnrij,24/01/2022,04/06/2022,282,185
779,Molli Binyon,tfmkocvpjalgnsy,05/09/2021,04/04/2022,205,989
780,Twyla Fever,mxqgnoeabwuyzhjlr,28/07/2021,05/07/2021,431,927
781,Ilka Soppit,nuvpsftmyqdwkz,11/09/2021,06/07/2021,787,655
782,Drucy Skerratt,wzqoxigbrhycuap,09/09/2021,14/03/2022,799,641
783,Gottfried Camfield,wegjfcnlqy,30/08/2021,25/11/2021,975,49
784,Mahmoud Bostock,cdqwjmitoflurh,27/12/2021,20/07/2021,715,869
785,Wald Madrell,psaqvmyefoth,07/05/2022,09/06/2022,340,690
786,Roosevelt Honisch,jimdpaczyfbkq,12/02/2022,18/08/2021,379,715
787,Livvie Kohlerman,zjfvnqaximgl,15/03/2022,22/11/2021,433,973
788,Judy Darwen,dzhkmpjovacgftbqunx,09/12/2021,05/04/2022,897,725
789,Peggie Battey,kwryltiejgs,07/03/2022,17/06/2021,396,754
790,Melba Arnholz,kflgosjiuymdhaexztcw,24/09/2021,01/03/2022,699,54
791,Hurleigh Simounet,znepuvasrtcwldoby,10/08/2021,22/10/2021,85,496
792,Earlie Benko,jskwqfnbah,17/07/2021,07/06/2022,928,729
793,Katya Coots,lviayfmwnqctedpgouzr,08/06/2022,20/11/2021,517,407
794,Abeu Farleigh,dlfvckruinh,01/10/2021,31/10/2021,57,601
795,Jacqui Lomis,kaepjxrzobhvmuwsi,30/07/2021,05/11/2021,410,892
796,Neely Garett,qcyvkjziplabhmxgsunw,10/01/2022,18/01/2022,179,489
797,Fraser Pringle,qrmhkptsuzf,11/02/2022,15/02/2022,303,880
798,Joshua Lilian,pdqjlwnbxgtivyukamr,08/10/2021,17/12/2021,776,188
799,Herold Wardhaugh,tuaedxmlphiygkwsjc,04/04/2022,21/05/2022,50,281
800,Teena Abisetti,fjsqnievzrmhuykxot,10/11/2021,18/01/2022,48,374
801,Lissa Cratere,xmfvashzigbudjl,09/10/2021,29/09/2021,651,866
802,Parsifal Iacobassi,tskmiqjpgxveludwyfbo,22/02/2022,10/09/2021,409,912
803,Brittaney Adrain,gdrqsmanipctlovuxky,02/02/2022,11/07/2021,707,757
804,Harris Proudler,rdhsjftkae,14/11/2021,05/06/2022,238,233
805,Kevin Iacovazzi,oduqeayxpb,25/08/2021,19/09/2021,382,411
806,Dare Shatliff,wknjdhgypi,12/09/2021,03/06/2022,676,432
807,Donn Tax,cbxjoefakuqyzpnwmtl,24/08/2021,12/03/2022,532,191
808,Silvanus Farrow,ftjzpqymlgersd,08/12/2021,07/03/2022,418,717
809,Dudley Szanto,rhteypqsgm,23/10/2021,24/02/2022,543,744
810,Agosto Duffree,fclwjdgsypotbue,31/05/2022,01/06/2022,791,206
811,Daveen Cliff,rgiextfbvwupzaohslnd,26/06/2021,09/12/2021,734,5
812,Bab Coetzee,pbxuzfmnyshwacieor,27/10/2021,11/12/2021,712,536
813,Shepard Leving,kbdjgpyoxznea,17/12/2021,18/11/2021,341,498
814,Toma Dove,rphfejouzbwygkmv,27/04/2022,19/09/2021,183,181
815,Lotty Boxe,agzvwcxknhjofrebsidp,10/10/2021,22/02/2022,654,775
816,Dyana Benedek,yjxlucboakzq,28/09/2021,13/04/2022,689,737
817,Urbanus Delgadillo,mbqucfspozgantywkilv,15/03/2022,25/06/2021,78,599
818,Adams Zannolli,ncwrltfvpz,01/08/2021,29/04/2022,434,989
819,Felicity Lagde,tqkunzsdhxegljyifco,28/09/2021,11/04/2022,929,688
820,Maitilde Rittelmeyer,jsohutdfackglxq,13/06/2021,23/11/2021,215,787
821,Jourdan Galey,xcfnlopztbsh,07/04/2022,06/02/2022,759,962
822,Anica Saltsberg,ceaulkbnsovrwtqmj,22/02/2022,07/05/2022,790,608
823,Kennie Sandars,qmlausgydjf,29/09/2021,22/07/2021,34,137
824,Lucienne Spellsworth,sjyeokrbaqlhmzgxn,03/07/2021,23/12/2021,401,623
825,Liuka Tabary,zjprlhnwatg,24/11/2021,25/09/2021,808,335
826,Almira Shorton,pnyskrmqzlxowue,21/09/2021,09/08/2021,451,926
827,Kissee Grist,aydejgrvcbfhiwlq,15/07/2021,24/09/2021,82,171
828,Cello Fruchon,wbfnztexjpaucqlyh,03/11/2021,23/08/2021,435,458
829,Vin Ratt,atlsedrpojyxwignf,26/04/2022,23/05/2022,153,864
830,Nester Kirkam,crdpyzglnaowhsitv,01/12/2021,28/01/2022,437,601
831,Berta Terese,prusgimlbnfzcjdwkqyh,17/07/2021,29/03/2022,694,899
832,Rosanna Anker,owtyismndzgvqpklerbj,04/04/2022,23/02/2022,21,958
833,Tabb Whatham,lrfhtvqcuwxi,13/08/2021,04/08/2021,557,818
834,Corrina Rawnsley,eqcibtyukgovrjaf,04/11/2021,12/06/2021,406,949
835,Sherman Smallpiece,muqdyhclxgenjkv,03/06/2022,21/02/2022,377,161
836,Jesse Hellens,upofcawyrvhndmxzgeit,17/02/2022,02/09/2021,792,772
837,Kath Dedenham,rpqwgcbsvyzjmtf,06/09/2021,05/09/2021,208,67
838,Victoria Stelljes,ijvflkrbahdcosntqxzw,25/10/2021,09/08/2021,89,403
839,Durante Klimkov,fscyegovun,10/10/2021,03/04/2022,143,222
840,Allie Beldam,apfhorvwji,16/10/2021,11/01/2022,624,640
841,Gualterio Ginglell,cxtpuovynersbajf,06/08/2021,24/10/2021,66,696
842,Zeke Gratton,hpacesudmlvkbgiqzty,07/07/2021,06/12/2021,491,555
843,Micky Vivers,gparqevdkluonf,09/05/2022,31/12/2021,339,932
844,Myles Acres,azikwdbstoxulen,23/09/2021,06/10/2021,189,485
845,Dacy Dunn,ljvgwkbxaotyuz,28/02/2022,02/07/2021,150,859
846,Bell Gammon,caktwflxpbqyhdj,11/08/2021,21/09/2021,482,694
847,Brockie Badcock,yfnhabgtjoum,21/05/2022,11/10/2021,798,959
848,Kellyann Storey,gearsvftkjc,14/09/2021,03/09/2021,163,878
849,Jammal Rock,nybzdkrcesag,21/12/2021,18/02/2022,192,607
850,Elisabet Corbyn,zdkvqrwjebfps,07/03/2022,25/12/2021,616,960
851,Yovonnda Foxworthy,cevxmokrtzylhiusa,26/12/2021,25/12/2021,152,64
852,Michael Gittus,cpdtvjblfqe,23/02/2022,25/04/2022,631,526
853,Waneta Guidelli,zwlmhjacsynofte,05/03/2022,06/05/2022,658,466
854,Lois Alyonov,qmvkzuprgsfw,07/03/2022,16/10/2021,247,721
855,Terence Zanitti,focbthgvekwdmjiqyz,05/12/2021,11/05/2022,226,724
856,Lory Kearle,erapqfmglndxyszouh,28/03/2022,12/09/2021,711,204
857,Ephrayim Winckworth,orkxyqitgwablfhpnzd,30/05/2022,22/01/2022,977,148
858,Darsey Rooper,ebrmyfzhtwaxosvpjkcd,10/10/2021,16/12/2021,466,625
859,Jane Vickerstaff,mlxibdtkqrps,12/04/2022,26/02/2022,673,318
860,Yoshi Dunnion,ugaxboisyc,24/02/2022,10/01/2022,887,979
861,Bernadette Killough,mjnlkovqrdifzy,08/04/2022,18/05/2022,220,557
862,Henrik Dumbleton,ryksfzdipomn,11/05/2022,04/08/2021,132,329
863,Aeriel Buckley,wrngsfqzlhjupmx,15/07/2021,30/10/2021,28,662
864,Eulalie Dunklee,sewcmrbihqdzfptaxoj,13/04/2022,26/05/2022,937,556
865,Ty Attril,msyjibhlzqegvwfptr,10/06/2022,20/09/2021,355,134
866,Horton O'Donovan,pculxswbyjzgeqra,16/09/2021,14/08/2021,500,370
867,Lesya Cancutt,pbnavgktdroxmyqc,30/04/2022,14/03/2022,793,762
868,Marlin Ferrino,tunbohgkvl,03/07/2021,03/04/2022,445,813
869,Esther Klimowicz,gpsxwcuyjiarb,30/08/2021,18/02/2022,683,758
870,Jennilee Dalbey,atrskmlhuycpxeobg,03/03/2022,22/10/2021,962,995
871,Gal Bucktrout,zhnwqdtsybrck,08/01/2022,04/06/2022,71,690
872,Tull Hulks,qbcrslxkfgpoetvazhd,10/02/2022,26/09/2021,827,732
873,Pooh Stove,sxzjowvgetblfpcma,09/02/2022,06/05/2022,853,805
874,Karlen Stading,qnmuwcyvfjoap,09/08/2021,25/02/2022,74,136
875,Hallie Dubber,nxqhptysegc,12/03/2022,04/03/2022,467,94
876,Maryann Shropsheir,lxsyzefgqapn,20/10/2021,19/05/2022,762,837
877,Paige Zini,rnklapyjxsqibguvc,13/08/2021,15/09/2021,674,938
878,Giffie Spratling,sqgkafdmycihonrpbuw,21/09/2021,29/11/2021,558,628
879,Orton Coolbear,cmylntovdkhjzfresxb,25/06/2021,17/09/2021,675,719
880,Sheilah Boribal,frjizcbgvotyspewxnmh,09/10/2021,03/10/2021,278,347
881,Aggie Seaton,fztrdxnpshklbo,08/01/2022,16/01/2022,423,904
882,Victoria Forton,vpsmnfubkwj,13/09/2021,21/10/2021,983,973
883,Nelle Fain,ibnmvxekawgy,24/08/2021,27/06/2021,916,918
884,Windy Bygraves,bvmwnsizqgedfxh,20/04/2022,13/07/2021,518,459
885,Mufinella Shillabeare,vqjaebspftnu,12/08/2021,15/08/2021,76,582
886,Kelley Asch,hkeypdszcja,18/05/2022,11/04/2022,255,576
887,Jackquelin Veldman,xcoilaezgn,23/10/2021,16/09/2021,796,45
888,Ailis Rockliffe,xclwdugrhebksaotfnm,20/11/2021,24/01/2022,330,605
889,Else Thewlis,kilwgoasujcp,11/04/2022,02/03/2022,605,689
890,Ruthe Dubock,ykuerqxzhngvjcfmdwsa,27/03/2022,01/04/2022,42,574
891,Romy Jeafferson,yzrvuilpcwxsejnqg,10/09/2021,19/03/2022,63,620
892,Ring Chazelas,uwicrqnptgbdh,27/07/2021,05/03/2022,281,371
893,Elisabetta Percival,yjrxohivwtmzb,08/12/2021,05/06/2022,768,572
894,Sholom Drew,vrkimuglqy,20/02/2022,25/10/2021,844,287
895,Dori Hagart,tlhxnayqvbm,19/01/2022,22/10/2021,751,914
896,Nicola Finlayson,dcfvwosqrbzknetyupjx,12/10/2021,30/07/2021,391,53
897,Christean Steptowe,icvhkefzasow,06/05/2022,30/05/2022,367,776
898,Anabella Alston,sxeoprwndq,26/05/2022,05/03/2022,371,90
899,Dulciana Meffen,juzrfnhtis,11/11/2021,21/02/2022,850,516
900,Beaufort Atcock,tzbovmwihscf,09/03/2022,01/04/2022,578,943
901,Leonore Hedlestone,buwzekihoqpvcr,19/03/2022,15/05/2022,45,900
902,Iorgo Natalie,pedchqbrusjtiwkmnol,01/01/2022,15/04/2022,877,490
903,Barnaby Obispo,nsaioyvwpeu,31/05/2022,22/10/2021,185,480
904,Lorilyn Gavigan,bizvqogacrpjnxf,29/07/2021,27/08/2021,860,884
905,Gerrard Wooffitt,wxobkrpnisumfytzd,03/07/2021,28/01/2022,981,363
906,Felic Tansill,nqleojumzkrgcb,23/11/2021,16/09/2021,149,766
907,Gideon Jolliff,ahfoplrwengmqtskyvjx,01/01/2022,11/09/2021,257,16
908,Roshelle Arr,bxflmntwheiyupkqj,30/06/2021,06/02/2022,151,548
909,Colette Tighe,tsrdmhapgceukifx,02/11/2021,29/04/2022,93,303
910,Ayn Braisby,knupctfwaev,14/10/2021,11/10/2021,693,377
911,Fran McLellan,dvlaxogcpuqwjri,17/10/2021,20/02/2022,94,479
912,Belicia Burrill,acfzlgrehujmxdkqo,14/09/2021,16/06/2021,813,909
913,Hanan Rawstorne,qgxfhlakitsrwdbvjcnu,19/02/2022,30/04/2022,809,712
914,Spike Wellum,bvwienatupxkfscjmor,12/02/2022,01/05/2022,180,984
915,Lydia Dyter,suzqngrbfedj,16/04/2022,14/07/2021,715,654
916,Osmund Pelchat,ckfxjvqwrnhilpzt,09/03/2022,16/10/2021,118,716
917,Annice Stenson,tkulpsrhfazwidqce,30/08/2021,24/03/2022,40,760
918,Gizela Saltman,ezgqadctfj,31/05/2022,26/04/2022,550,916
919,Breanne Ouldred,beodniausjzkwg,10/05/2022,20/01/2022,345,86
920,Bridget Cheine,wgolpqmdfcjutibryze,28/07/2021,19/11/2021,362,697
921,Ariel Calven,ngzslamhdjy,04/12/2021,09/06/2022,584,583
922,Bernita Lieb,jzsngokdtaeumibpr,10/10/2021,07/12/2021,461,61
923,Lamar Merwede,xzlkoicprs,02/07/2021,17/10/2021,900,245
924,Tallie Sawart,sdpfxjyhgtun,03/10/2021,13/08/2021,939,83
925,Kamillah Blaschke,neylxksmocw,16/10/2021,01/08/2021,190,433
926,Damian Brookson,coaqselrnxuygbt,28/06/2021,27/01/2022,203,192
927,Murial Dorney,fiumrecnzqtgkjywsv,05/08/2021,17/03/2022,119,616
928,Caritta Benion,qgadiuxwepbys,20/11/2021,31/12/2021,781,524
929,Buck Buddles,gmkbydcljzqvioe,23/08/2021,10/11/2021,378,518
930,Marigold Waber,qsxfuzkngilpcwjhe,19/07/2021,29/07/2021,340,700
931,Eddi Foot,esogdlfaybjumqric,20/04/2022,15/11/2021,682,177
932,Kathie Dulieu,rfinxdmoswu,03/07/2021,21/07/2021,12,454
933,Myrtice Nan Carrow,hjrgbkuvimdnefwq,16/05/2022,30/06/2021,87,445
934,Heindrick Baszniak,mojpdnfgilactxs,03/08/2021,10/10/2021,393,269
935,Opaline Bradfield,dqszfjtaeonwu,15/07/2021,21/12/2021,680,219
936,Agosto Povlsen,tviwbofzmdsca,12/11/2021,19/03/2022,780,6
937,Burke Booth-Jarvis,vupbrqcwhyozmtfag,25/08/2021,23/11/2021,289,304
938,Kippar Pummell,ywenkqljuzgvad,23/06/2021,05/03/2022,420,769
939,Verna Vickars,jndgsmbriczx,28/03/2022,04/11/2021,392,55
940,Janek Millam,pchuzdaxkqjglemsry,06/07/2021,15/06/2021,637,408
941,Cherey Patters,vpmkrsyihnfdoxj,30/04/2022,20/07/2021,600,421
942,Bernice Klaggeman,tafrslmoeygbqi,09/09/2021,24/12/2021,872,389
943,Karyl Rossiter,nhebzliuvsofaytdjrpx,17/03/2022,17/02/2022,568,200
944,Goldy Fantonetti,kgzyebnjvpaoqm,23/08/2021,05/12/2021,814,808
945,Cory Bazelle,vmuygfhjrwqtnkzpxes,05/03/2022,17/01/2022,364,956
946,Whit Arthy,dmzyubeslwhftpnxco,10/01/2022,18/11/2021,440,282
947,Janaya Adamski,azyqhlnetxowpivdkgb,21/03/2022,21/03/2022,431,540
948,Bonny Moulsdale,gfnkejxqct,03/08/2021,19/06/2021,949,346
949,Hew Livett,dfscoaxngyj,20/06/2021,17/07/2021,664,817
950,Othella Wasbey,yetjivbrupkfh,12/09/2021,15/01/2022,422,551
951,Layla Gashion,mukvhnxjwgbi,23/11/2021,11/05/2022,525,123
952,Fritz Dartnall,lebcyhwqmuvzjgpxdsnt,17/03/2022,10/01/2022,100,668
953,Silvan Elvin,gsfawyicntlbodjuxrqz,22/10/2021,23/09/2021,288,527
954,Padraig Kochel,jovixhkseu,17/11/2021,19/05/2022,241,868
955,Jorey Bruhke,tuvbwhkdyaefxmlq,05/10/2021,08/07/2021,428,187
956,Mateo Bellefant,fygzvbkoenarqm,19/09/2021,25/10/2021,582,806
957,Ninnetta Govan,txegshwadniqpk,09/11/2021,31/08/2021,314,252
958,Moishe Golightly,newixgtkshjqcduyf,11/10/2021,16/12/2021,176,927
959,Wren Rayhill,cbwonfijulpdsegr,11/05/2022,30/07/2021,84,306
960,Angeli Sparhawk,xjqhvyrnzbotid,08/05/2022,22/01/2022,838,162
961,Glenn Bencher,xousvzfmpti,03/05/2022,22/04/2022,661,212
962,Hayyim MacMeekan,beuymajdonx,11/10/2021,16/10/2021,729,66
963,Cally Glaves,srwbuvykeonfmpzajldt,15/09/2021,02/12/2021,611,529
964,Jerrilee Malafe,ycrmxbvzdwktgf,12/11/2021,04/08/2021,104,692
965,Jamison Gonning,pgjxvfbtqklm,18/06/2021,28/11/2021,812,344
966,Anderea Hegarty,xsrlvcpqugktjzimbw,18/04/2022,28/01/2022,533,278
967,Montague Croshaw,uftsqkvohpriwge,31/08/2021,16/07/2021,677,673
968,Henriette Flux,yuptqlhknifw,18/08/2021,04/03/2022,293,207
969,Karney Gulliford,mgxanctslpwi,15/11/2021,22/01/2022,158,876
970,Dari Lockhart,lmrfzgxbjhdky,14/02/2022,17/02/2022,873,913
971,Christopher Dumbelton,gszxvcnrklajoy,05/03/2022,25/02/2022,430,63
972,Benito Vanns,kybafulvsdpxtrijzq,29/11/2021,16/09/2021,866,903
973,Cirilo Pasque,lzoedqtwpgxaivcfys,25/12/2021,26/01/2022,622,159
974,Nelie Blowin,gqvwoplmfcb,19/10/2021,02/10/2021,165,845
975,Catie Puve,kntwihuafz,15/05/2022,26/06/2021,60,151
976,Jonie Ambrosoli,lwrjvdazmykb,23/09/2021,01/11/2021,351,925
977,Tucker Asche,uxsekzhtcjpwryn,10/02/2022,11/01/2022,650,230
978,Kandace Itshak,ijwdnatpsgkqe,01/02/2022,23/04/2022,308,841
979,Langsdon Dunphy,csvhrqxmjadyu,05/04/2022,06/10/2021,328,456
980,Chariot Arondel,flgoupwbktmvezsydi,30/09/2021,20/09/2021,354,1000
981,Anselm McNelly,akwbdfvrgyzuqhjcis,03/12/2021,30/06/2021,329,794
982,Krishna Akerman,uftpmbrskwjdv,24/01/2022,13/12/2021,222,317
983,Delmar Powis,deabvgpqjulfzwoynt,23/10/2021,06/03/2022,453,968
984,Ferdinand Baudinelli,xjrilyuqdegmwonhtfa,16/08/2021,12/12/2021,527,268
985,Rurik McVeigh,owjcfqhvbnexpumdzsa,22/02/2022,12/11/2021,65,316
986,Celia Zaczek,mgwlpavfyirhuz,02/04/2022,11/05/2022,688,972
987,Morrie Robbins,hdnjkztpvqmfcr,11/03/2022,16/11/2021,627,920
988,Lynsey Leavold,qdbkhmrzonji,27/08/2021,30/12/2021,182,756
989,Reba Hearty,nszoyrxdcelwmufgikj,31/03/2022,26/02/2022,871,597
990,Brigitte Isenor,jwdionvutlceyz,10/04/2022,27/11/2021,786,828
991,Ramona Bohlens,etqradshfx,27/06/2021,30/05/2022,880,651
992,Barny Dyke,bdzkmplsvgjo,06/05/2022,14/09/2021,136,115
993,Beverie Maddock,wbnsztjplfi,14/08/2021,11/04/2022,647,735
994,Augustine Rignold,qdgzmeuynpioab,29/03/2022,19/09/2021,560,106
995,Angelika Tremethack,iuamwrlznjqbvcy,14/02/2022,22/05/2022,902,647
996,Deborah Arnely,ncepwhodfj,30/05/2022,22/06/2021,286,521
997,Ryann Cornelis,ijpzngstrwyh,08/09/2021,12/11/2021,212,464
998,Mickie Hopfer,caityrhexp,17/05/2022,15/11/2021,211,974
999,Cullan Cescotti,txefhcrobkavumpldi,31/01/2022,13/12/2021,697,695
1000,Donna Stolte,fjerxzwica,03/02/2022,21/05/2022,847,820
